complex,feature1,feature2
0.9547514172779721+2.7355599747166917j,0.9547514172779721,2.7355599747166917
0.403375405414086+2.903451275168147j,0.403375405414086,2.903451275168147
2.6421575951457723+2.278942966522869j,2.6421575951457723,2.278942966522869
2.2557375512901+1.967725576820282j,2.2557375512901,1.967725576820282
2.092472245262296+0.7369083599251356j,2.092472245262296,0.7369083599251356
0.519058366412459+1.3978888720691118j,0.519058366412459,1.3978888720691118
1.6693575454691363+2.5721543600131587j,1.6693575454691363,2.5721543600131587
1.8574027872793093+2.7698295753216455j,1.8574027872793093,2.7698295753216455
1.2195730743802389+1.1978333898765343j,1.2195730743802389,1.1978333898765343
0.24714291953753675+2.0829516515399655j,0.24714291953753675,2.0829516515399655
0.16695289942127933+2.021995267693941j,0.16695289942127933,2.021995267693941
0.40096981853130587+2.9181548893273868j,0.40096981853130587,2.9181548893273868
2.7846503059955454+1.3624161106194213j,2.7846503059955454,1.3624161106194213
0.03139626709771892+0.5518037947595997j,0.03139626709771892,0.5518037947595997
1.281311807692322+1.5774823894123688j,1.281311807692322,1.5774823894123688
1.356833193524086+1.5356590263305838j,1.356833193524086,1.5356590263305838
0.018239797184773976+2.5724745693960367j,0.018239797184773976,2.5724745693960367
2.286559371133467+0.3216310908882062j,2.286559371133467,0.3216310908882062
0.998956475688931+0.6022965899547718j,0.998956475688931,0.6022965899547718
1.2716306337325434+0.3984930989835944j,1.2716306337325434,0.3984930989835944
0.9321550787403475+2.127989168748845j,0.9321550787403475,2.127989168748845
0.42314503617993304+1.9668363789920253j,0.42314503617993304,1.9668363789920253
1.261159011198754+0.2319554856997892j,1.261159011198754,0.2319554856997892
0.5489226007007953+0.939198007573896j,0.5489226007007953,0.939198007573896
2.5844269146320666+2.380273832591287j,2.5844269146320666,2.380273832591287
2.0315773747486157+0.5547249309298488j,2.0315773747486157,0.5547249309298488
2.0734050848656165+1.0376959382005433j,2.0734050848656165,1.0376959382005433
2.837911140453106+1.9083652670219777j,2.837911140453106,1.9083652670219777
2.992973366365403+1.065924743602113j,2.992973366365403,1.065924743602113
1.6538726158786767+0.5107463860013444j,1.6538726158786767,0.5107463860013444
0.3406543829091837+1.9640083729220212j,0.3406543829091837,1.9640083729220212
0.6428471292133724+1.913113694916175j,0.6428471292133724,1.913113694916175
1.4428313182520363+2.5813944334861154j,1.4428313182520363,2.5813944334861154
1.3563436709849377+1.056980285561609j,1.3563436709849377,1.056980285561609
2.813658070302194+1.143227985349926j,2.813658070302194,1.143227985349926
1.028036732768375+2.074034222470515j,1.028036732768375,2.074034222470515
1.7541369986373194+2.716938219050923j,1.7541369986373194,2.716938219050923
2.1684684455462797+2.567762209850147j,2.1684684455462797,2.567762209850147
0.4162794742122067+0.021281129007980293j,0.4162794742122067,0.021281129007980293
2.8310856683754473+0.0779375233285331j,2.8310856683754473,0.0779375233285331
0.33336600650559123+2.2318749453877396j,0.33336600650559123,2.2318749453877396
0.6038075023790678+0.7076624721614456j,0.6038075023790678,0.7076624721614456
2.1716268518333077+0.9462694757991424j,2.1716268518333077,0.9462694757991424
0.27043467556266676+1.4554983634183283j,0.27043467556266676,1.4554983634183283
2.4235487366600563+2.1190580236062564j,2.4235487366600563,2.1190580236062564
2.778293830438053+1.8796272750903218j,2.778293830438053,1.8796272750903218
1.6858164882955813+0.10520630944156129j,1.6858164882955813,0.10520630944156129
0.5021633420912042+0.9974859814300432j,0.5021633420912042,0.9974859814300432
0.26335283667608433+2.2147356878839064j,0.26335283667608433,2.2147356878839064
1.1113559489364027+2.0499791457208842j,1.1113559489364027,2.0499791457208842
1.2806280198973816+0.09112211378135637j,1.2806280198973816,0.09112211378135637
2.7791129382105675+0.5921621503427303j,2.7791129382105675,0.5921621503427303
0.8318643037838767+2.750569550867612j,0.8318643037838767,2.750569550867612
0.9342658468101904+2.154413301643193j,0.9342658468101904,2.154413301643193
0.7218641657422297+1.9917374184110175j,0.7218641657422297,1.9917374184110175
0.40067706724066465+2.610678201730539j,0.40067706724066465,2.610678201730539
2.003817423967403+1.8247116592936647j,2.003817423967403,1.8247116592936647
1.26811552685461+1.452876350765501j,1.26811552685461,1.452876350765501
2.3750175403272618+1.4922935670006305j,2.3750175403272618,1.4922935670006305
0.1936116557169979+1.3329023798169883j,0.1936116557169979,1.3329023798169883
0.20561863472896058+1.2074108784162287j,0.20561863472896058,1.2074108784162287
0.7640340770475536+0.19840412618153158j,0.7640340770475536,0.19840412618153158
1.5883992956145447+1.0959440114735637j,1.5883992956145447,1.0959440114735637
2.8060200433896463+2.3301009043274448j,2.8060200433896463,2.3301009043274448
1.02630306545695+0.5744448547557077j,1.02630306545695,0.5744448547557077
2.1655171818040353+1.7193622442817396j,2.1655171818040353,1.7193622442817396
2.046986726271469+1.7852653530251223j,2.046986726271469,1.7852653530251223
2.5636981460565393+1.0792532857520327j,2.5636981460565393,1.0792532857520327
2.621043119630391+2.3413745197845754j,2.621043119630391,2.3413745197845754
2.2946082648639594+0.2868033867406673j,2.2946082648639594,0.2868033867406673
0.5848828457324794+0.12122247988080614j,0.5848828457324794,0.12122247988080614
2.1725208966166525+2.047920623202714j,2.1725208966166525,2.047920623202714
0.5631193680457292+2.1863268853339717j,0.5631193680457292,2.1863268853339717
0.9700660825720592+2.1990990919268563j,0.9700660825720592,2.1990990919268563
1.9268214133373651+1.5535721305322965j,1.9268214133373651,1.5535721305322965
1.5397440752426603+0.6104689806070898j,1.5397440752426603,0.6104689806070898
0.8547148227972577+1.7026654904349514j,0.8547148227972577,1.7026654904349514
2.209180482093401+0.540908094236681j,2.209180482093401,0.540908094236681
1.4079163414352265+0.49669570810377084j,1.4079163414352265,0.49669570810377084
2.0387691809232225+0.05845494744927349j,2.0387691809232225,0.05845494744927349
0.6314616751845425+0.2933024946967202j,0.6314616751845425,0.2933024946967202
2.2003948162822313+0.6474813672725996j,2.2003948162822313,0.6474813672725996
2.307420907345336+2.520731790590043j,2.307420907345336,2.520731790590043
0.2392569422398233+1.9033196463248692j,0.2392569422398233,1.9033196463248692
1.3670895597434114+0.39480685370582j,1.3670895597434114,0.39480685370582
0.6379985227015265+2.4181785628355406j,0.6379985227015265,2.4181785628355406
1.1242637923609218+2.163514362192282j,1.1242637923609218,2.163514362192282
2.260540983739805+0.6909346021663167j,2.260540983739805,0.6909346021663167
2.146496708876528+0.38513854960739846j,2.146496708876528,0.38513854960739846
0.18925377817106914+0.2721932628857642j,0.18925377817106914,0.2721932628857642
1.8087727116164642+0.8676695256807286j,1.8087727116164642,0.8676695256807286
0.0001818414383886191+0.26058090763481645j,0.0001818414383886191,0.26058090763481645
1.5789335523952615+0.14767257780442544j,1.5789335523952615,0.14767257780442544
2.0866005959031275+1.7121023056388904j,2.0866005959031275,1.7121023056388904
0.42699713177699117+2.537002309119581j,0.42699713177699117,2.537002309119581
1.6052015193285454+0.21118169383860264j,1.6052015193285454,0.21118169383860264
1.7951656497881785+2.710744469880079j,1.7951656497881785,2.710744469880079
1.8790959152799014+2.9196789294321652j,1.8790959152799014,2.9196789294321652
1.7779166908336166+2.3244113353763094j,1.7779166908336166,2.3244113353763094
1.8471874612604768+0.10507610379499566j,1.8471874612604768,0.10507610379499566
1.4922289119185526+1.045917861338756j,1.4922289119185526,1.045917861338756
0.14945709808077834+2.7766694058753063j,0.14945709808077834,2.7766694058753063
1.9026650407247714+1.7161630062995243j,1.9026650407247714,1.7161630062995243
2.6298666816957805+2.2915346841966624j,2.6298666816957805,2.2915346841966624
0.4919833448406211+1.2597432706407803j,0.4919833448406211,1.2597432706407803
0.7674786168097303+1.891249332177252j,0.7674786168097303,1.891249332177252
0.6029769586675492+1.1277835142363661j,0.6029769586675492,1.1277835142363661
0.3785650430749463+2.1588490648539764j,0.3785650430749463,2.1588490648539764
0.23203256662194094+0.9583889291009099j,0.23203256662194094,0.9583889291009099
2.304706463413269+1.6288178380724951j,2.304706463413269,1.6288178380724951
0.05726891838119064+0.8414391508591795j,0.05726891838119064,0.8414391508591795
1.7099083008897646+2.6296201601689546j,1.7099083008897646,2.6296201601689546
1.5555511428162636+0.43082176608441836j,1.5555511428162636,0.43082176608441836
1.633278925569054+1.781620465375374j,1.633278925569054,1.781620465375374
1.7600940125561226+1.1922287671192517j,1.7600940125561226,1.1922287671192517
1.6173176319960012+2.6183115894333344j,1.6173176319960012,2.6183115894333344
2.410358243192913+1.297451821025908j,2.410358243192913,1.297451821025908
1.9791194033529302+2.156619309045468j,1.9791194033529302,2.156619309045468
1.1418670509092705+2.3453438076863096j,1.1418670509092705,2.3453438076863096
2.512203714916297+0.8260597715075684j,2.512203714916297,0.8260597715075684
1.6979963796130966+1.3594286574042376j,1.6979963796130966,1.3594286574042376
0.5080375269836279+0.6242423512508448j,0.5080375269836279,0.6242423512508448
1.6140041615819567+2.940627778312086j,1.6140041615819567,2.940627778312086
2.2145577984882343+1.833309402515773j,2.2145577984882343,1.833309402515773
1.7817922973570552+0.6701192017206477j,1.7817922973570552,0.6701192017206477
0.22570484008969416+0.5110876773016216j,0.22570484008969416,0.5110876773016216
2.7696392911185925+0.42039675747262173j,2.7696392911185925,0.42039675747262173
1.1964389225088554+0.8496249368212563j,1.1964389225088554,0.8496249368212563
1.0296244869570916+2.5828848829427664j,1.0296244869570916,2.5828848829427664
1.709077824498626+2.656192655599041j,1.709077824498626,2.656192655599041
0.4970358467886996+1.824065288965207j,0.4970358467886996,1.824065288965207
2.7987194701658282+2.6617001628325627j,2.7987194701658282,2.6617001628325627
0.16630473345207564+0.8431094014763642j,0.16630473345207564,0.8431094014763642
0.12316676745054345+1.7779834264694556j,0.12316676745054345,1.7779834264694556
1.342220990641366+0.41317522508563276j,1.342220990641366,0.41317522508563276
1.112116300943696+0.047783627879725565j,1.112116300943696,0.047783627879725565
1.3325308446635113+2.6355433317002688j,1.3325308446635113,2.6355433317002688
2.276646074442482+0.4315818657436922j,2.276646074442482,0.4315818657436922
0.10138306826718169+1.6706898187296244j,0.10138306826718169,1.6706898187296244
2.3079155707427716+0.826034594041106j,2.3079155707427716,0.826034594041106
2.4760865497036177+1.169679797091674j,2.4760865497036177,1.169679797091674
0.2507508018153135+0.29837677785206285j,0.2507508018153135,0.29837677785206285
2.3844727759903086+2.840068428933276j,2.3844727759903086,2.840068428933276
1.1980383720264776+2.985562313886195j,1.1980383720264776,2.985562313886195
0.35689722214248965+0.15920729076098405j,0.35689722214248965,0.15920729076098405
1.7149869305512202+1.7189184187241624j,1.7149869305512202,1.7189184187241624
1.8838479233151038+1.5153637766844426j,1.8838479233151038,1.5153637766844426
0.10595143305037003+2.541444304883535j,0.10595143305037003,2.541444304883535
1.8254606724896676+1.989965112006701j,1.8254606724896676,1.989965112006701
2.6293339403107905+2.091408876683195j,2.6293339403107905,2.091408876683195
2.2180960688251847+1.4375262967508675j,2.2180960688251847,1.4375262967508675
0.1783670868931857+2.79762711392042j,0.1783670868931857,2.79762711392042
2.1263033248515626+0.9123749164073834j,2.1263033248515626,0.9123749164073834
0.30450214891047933+0.14520889027378014j,0.30450214891047933,0.14520889027378014
2.106609745069825+1.7271617767270229j,2.106609745069825,1.7271617767270229
0.8302281492062061+1.9757467240889934j,0.8302281492062061,1.9757467240889934
2.3962828048632607+1.6178997861448883j,2.3962828048632607,1.6178997861448883
2.7556314103535975+0.43936301932730115j,2.7556314103535975,0.43936301932730115
0.22380690509678303+1.205848482093594j,0.22380690509678303,1.205848482093594
2.6291240969231353+1.7064651323460125j,2.6291240969231353,1.7064651323460125
0.20762208295714535+1.9961331766232115j,0.20762208295714535,1.9961331766232115
1.3709427985561933+1.655676358971287j,1.3709427985561933,1.655676358971287
1.241437458222769+2.0865694054464985j,1.241437458222769,2.0865694054464985
1.8290750728860452+1.6803635675614441j,1.8290750728860452,1.6803635675614441
0.7486110010763654+1.0183848454192848j,0.7486110010763654,1.0183848454192848
2.0032923958074766+0.6464554265911322j,2.0032923958074766,0.6464554265911322
0.35540319668776266+1.935084525476729j,0.35540319668776266,1.935084525476729
1.4356291438344375+0.46589393599582785j,1.4356291438344375,0.46589393599582785
0.07660391557255875+2.3626630455648128j,0.07660391557255875,2.3626630455648128
1.016986841209666+0.615447039243286j,1.016986841209666,0.615447039243286
2.023486080688338+1.687676520715181j,2.023486080688338,1.687676520715181
2.7321255306532097+0.8210306483336491j,2.7321255306532097,0.8210306483336491
2.5414027711014353+2.535519318740153j,2.5414027711014353,2.535519318740153
1.8788651316382827+0.7378919472156776j,1.8788651316382827,0.7378919472156776
1.223674548690318+0.6267286853984905j,1.223674548690318,0.6267286853984905
1.9144785318846078+2.430449464154628j,1.9144785318846078,2.430449464154628
0.3579351317531978+0.7890937772906849j,0.3579351317531978,0.7890937772906849
2.521657084566826+1.382239003173438j,2.521657084566826,1.382239003173438
2.3442422387533113+2.7793912438514625j,2.3442422387533113,2.7793912438514625
2.316590446905958+2.852112272933138j,2.316590446905958,2.852112272933138
0.5689188992269117+2.258149151007643j,0.5689188992269117,2.258149151007643
0.5785824388586701+0.9691041464077916j,0.5785824388586701,0.9691041464077916
1.976282970148585+2.0949641983505964j,1.976282970148585,2.0949641983505964
2.9163123103188124+2.2658351979832516j,2.9163123103188124,2.2658351979832516
0.5908121327819423+2.959053113924989j,0.5908121327819423,2.959053113924989
1.6334456893984446+0.66361651544551j,1.6334456893984446,0.66361651544551
2.7535670569445774+1.0360468048710505j,2.7535670569445774,1.0360468048710505
1.7035052814178573+0.6878456385318582j,1.7035052814178573,0.6878456385318582
1.446152337127322+0.3699669138483085j,1.446152337127322,0.3699669138483085
0.10635356572657295+0.5102788910679198j,0.10635356572657295,0.5102788910679198
2.1277439666993976+1.6127436879910788j,2.1277439666993976,1.6127436879910788
1.650238043227612+2.1361417104618674j,1.650238043227612,2.1361417104618674
1.818531695132532+0.5225571436505698j,1.818531695132532,0.5225571436505698
0.9175960428520675+0.9420472811910442j,0.9175960428520675,0.9420472811910442
0.6706510884932323+2.427679015915248j,0.6706510884932323,2.427679015915248
0.19265690944083758+1.401509706533155j,0.19265690944083758,1.401509706533155
0.14681472529187334+1.0781265483068965j,0.14681472529187334,1.0781265483068965
1.51046124342917+1.8623140742245594j,1.51046124342917,1.8623140742245594
0.00019518658728157057+0.48141516805454565j,0.00019518658728157057,0.48141516805454565
0.1370832185075429+2.3016392737270612j,0.1370832185075429,2.3016392737270612
1.387509002257853+2.0008047452155022j,1.387509002257853,2.0008047452155022
2.9803909557113775+2.271045704622245j,2.9803909557113775,2.271045704622245
0.3017609104929039+0.08118062209932497j,0.3017609104929039,0.08118062209932497
2.1379862208860203+1.7781666358421622j,2.1379862208860203,1.7781666358421622
1.3228996785629512+1.5645715820752615j,1.3228996785629512,1.5645715820752615
1.9190831894034697+1.5295438730699957j,1.9190831894034697,1.5295438730699957
1.6048943968864724+2.922021480937674j,1.6048943968864724,2.922021480937674
1.6358831886972125+1.5855310092652477j,1.6358831886972125,1.5855310092652477
2.0682567519000163+1.3898126890668088j,2.0682567519000163,1.3898126890668088
0.6420428947741289+0.3256304091389264j,0.6420428947741289,0.3256304091389264
2.7215444675951264+0.17234155657839312j,2.7215444675951264,0.17234155657839312
2.7237318444885323+0.8503841485230262j,2.7237318444885323,0.8503841485230262
2.2844288953933685+0.23651808458513368j,2.2844288953933685,0.23651808458513368
2.588193483836016+2.7881356025739517j,2.588193483836016,2.7881356025739517
1.9581203422201932+0.09985859638386507j,1.9581203422201932,0.09985859638386507
1.7444445419719479+1.9718700046635727j,1.7444445419719479,1.9718700046635727
0.41841064363485136+1.1515570708325342j,0.41841064363485136,1.1515570708325342
2.231603616039618+1.341921830502771j,2.231603616039618,1.341921830502771
0.339483965633525+2.9337725778148256j,0.339483965633525,2.9337725778148256
1.3129904202462042+1.8645323327556889j,1.3129904202462042,1.8645323327556889
2.4683878654581295+1.2659575350012724j,2.4683878654581295,1.2659575350012724
2.221685443029677+2.3427990192153487j,2.221685443029677,2.3427990192153487
1.3041672652462366+2.3105123554775746j,1.3041672652462366,2.3105123554775746
1.9179548987825092+0.4319426789923513j,1.9179548987825092,0.4319426789923513
1.9867388896834473+0.7585850207451642j,1.9867388896834473,0.7585850207451642
1.9704978527340604+1.3348645815712046j,1.9704978527340604,1.3348645815712046
2.749101605573477+0.3734256010021654j,2.749101605573477,0.3734256010021654
2.2118467873715635+0.9847137973299354j,2.2118467873715635,0.9847137973299354
2.9567571748191392+1.1445707765274422j,2.9567571748191392,1.1445707765274422
1.275056954925823+0.8078870208139923j,1.275056954925823,0.8078870208139923
0.7508258996914681+2.5258236449975726j,0.7508258996914681,2.5258236449975726
0.40444745497101553+2.473532334743843j,0.40444745497101553,2.473532334743843
2.8662402995056935+0.5682037828642502j,2.8662402995056935,0.5682037828642502
0.588154371413547+0.28595605700297433j,0.588154371413547,0.28595605700297433
2.4773995233848085+0.15215691988584623j,2.4773995233848085,0.15215691988584623
0.7643475273347602+2.072513123308909j,0.7643475273347602,2.072513123308909
2.7871623092908773+2.2498172757463477j,2.7871623092908773,2.2498172757463477
0.7271928334486312+2.5782165882738486j,0.7271928334486312,2.5782165882738486
2.815770724607357+1.3632826572532817j,2.815770724607357,1.3632826572532817
0.7773830020974558+0.7881809993343466j,0.7773830020974558,0.7881809993343466
1.9399794490652251+0.9891656060567475j,1.9399794490652251,0.9891656060567475
1.0775066999706968+2.1371233340083746j,1.0775066999706968,2.1371233340083746
1.8530408322291878+2.188797179553686j,1.8530408322291878,2.188797179553686
0.7292702013609986+1.2831685841354576j,0.7292702013609986,1.2831685841354576
0.6123795828823773+1.640790734744828j,0.6123795828823773,1.640790734744828
1.9696940203064905+0.01877461344171205j,1.9696940203064905,0.01877461344171205
0.11119518414189111+1.6603804798787567j,0.11119518414189111,1.6603804798787567
2.9343659857418127+0.9905514493645069j,2.9343659857418127,0.9905514493645069
2.150390550665145+2.2085497410007333j,2.150390550665145,2.2085497410007333
2.719091034332035+0.10850941586277885j,2.719091034332035,0.10850941586277885
2.604117875230674+2.0906794912278412j,2.604117875230674,2.0906794912278412
2.8210486346360124+0.897541087789238j,2.8210486346360124,0.897541087789238
2.778051627382552+1.169706051449488j,2.778051627382552,1.169706051449488
1.994519469095881+1.6456312554787735j,1.994519469095881,1.6456312554787735
2.996521669727328+1.091435594434723j,2.996521669727328,1.091435594434723
1.6201941134855056+0.7952269901453983j,1.6201941134855056,0.7952269901453983
2.951571520873871+0.19997188198877092j,2.951571520873871,0.19997188198877092
0.5380422080342391+1.4881798111657663j,0.5380422080342391,1.4881798111657663
0.45377108226385365+1.3636018413382356j,0.45377108226385365,1.3636018413382356
0.29092112926205194+0.9632792520194938j,0.29092112926205194,0.9632792520194938
2.8579451379641916+0.9246370851248901j,2.8579451379641916,0.9246370851248901
2.457283599801456+1.3944303531623743j,2.457283599801456,1.3944303531623743
2.7194981283003115+2.140990280489775j,2.7194981283003115,2.140990280489775
1.1802076261965202+1.9341440082097003j,1.1802076261965202,1.9341440082097003
0.8836446560866641+1.2849685366863453j,0.8836446560866641,1.2849685366863453
2.9357954668357795+1.8199289202132003j,2.9357954668357795,1.8199289202132003
2.8421879981194755+2.0663684220847394j,2.8421879981194755,2.0663684220847394
0.5216398203243281+1.8078514190342307j,0.5216398203243281,1.8078514190342307
1.936579757322384+2.284818208052962j,1.936579757322384,2.284818208052962
1.1050530557886402+2.9463796659185943j,1.1050530557886402,2.9463796659185943
1.3316274769030456+0.3115628418081289j,1.3316274769030456,0.3115628418081289
0.831432322166073+2.1238484094805874j,0.831432322166073,2.1238484094805874
1.335400254536752+1.1901967302599001j,1.335400254536752,1.1901967302599001
2.7101537854558946+2.3512303097610374j,2.7101537854558946,2.3512303097610374
1.8251643514868328+2.0213536135145476j,1.8251643514868328,2.0213536135145476
0.8837090439709041+0.017809555971629698j,0.8837090439709041,0.017809555971629698
0.44001903306391543+0.286487476864283j,0.44001903306391543,0.286487476864283
2.453933075019549+1.161425621339359j,2.453933075019549,1.161425621339359
0.5755359353812686+2.1980010861817227j,0.5755359353812686,2.1980010861817227
1.9710891218357354+1.7501212735877252j,1.9710891218357354,1.7501212735877252
1.7804347911971516+2.6993042149047586j,1.7804347911971516,2.6993042149047586
1.5871033637122425+2.363522096411169j,1.5871033637122425,2.363522096411169
2.681057805045312+0.1664296446768353j,2.681057805045312,0.1664296446768353
0.30022982051801284+0.3496106049564971j,0.30022982051801284,0.3496106049564971
1.583403825110384+1.5117553613308716j,1.583403825110384,1.5117553613308716
1.4300001323183595+1.697942160878328j,1.4300001323183595,1.697942160878328
2.2596000955048092+1.2987483769201376j,2.2596000955048092,1.2987483769201376
2.4584186264972745+0.35423928577855357j,2.4584186264972745,0.35423928577855357
2.121584190213791+2.0467042156192585j,2.121584190213791,2.0467042156192585
1.1868997676435717+1.1385999498129435j,1.1868997676435717,1.1385999498129435
2.6538616296266158+0.44644302334159613j,2.6538616296266158,0.44644302334159613
0.6253307332394258+1.1761977575972842j,0.6253307332394258,1.1761977575972842
2.714834223991596+1.48398854683685j,2.714834223991596,1.48398854683685
1.6905853853593809+2.8673072827480923j,1.6905853853593809,2.8673072827480923
2.530529494963179+1.829581702930546j,2.530529494963179,1.829581702930546
0.18142665719826045+0.9280366408738691j,0.18142665719826045,0.9280366408738691
1.741920144673977+1.2272213746254304j,1.741920144673977,1.2272213746254304
1.315605331886593+2.7757110123251665j,1.315605331886593,2.7757110123251665
0.6188576754564242+0.7964788794364015j,0.6188576754564242,0.7964788794364015
0.8273526445977649+2.3053421654528807j,0.8273526445977649,2.3053421654528807
0.3473761042586667+2.3556579536987283j,0.3473761042586667,2.3556579536987283
1.4675770410908866+1.2562666793647845j,1.4675770410908866,1.2562666793647845
0.19623230780756962+2.5506212058918907j,0.19623230780756962,2.5506212058918907
1.926245846966293+2.4004937489207836j,1.926245846966293,2.4004937489207836
2.747195106180423+2.8793001095242814j,2.747195106180423,2.8793001095242814
0.9113675971181675+1.6640127964904026j,0.9113675971181675,1.6640127964904026
1.1758614080983234+1.5315414838408716j,1.1758614080983234,1.5315414838408716
1.1935525264003162+0.4088225205089683j,1.1935525264003162,0.4088225205089683
2.2423083652965814+0.11379623349867662j,2.2423083652965814,0.11379623349867662
0.843905964636134+1.3252295465341453j,0.843905964636134,1.3252295465341453
1.3399017948840073+0.10375039714762802j,1.3399017948840073,0.10375039714762802
1.593352267802254+1.0906420756544983j,1.593352267802254,1.0906420756544983
2.2283498780752122+0.6800928951927292j,2.2283498780752122,0.6800928951927292
0.8657470983809512+2.085894642010868j,0.8657470983809512,2.085894642010868
1.2991046023859054+1.6141385551282947j,1.2991046023859054,1.6141385551282947
0.11327458740515806+0.497803838989633j,0.11327458740515806,0.497803838989633
2.7808360860717003+2.099318918592954j,2.7808360860717003,2.099318918592954
0.6214963266946889+2.3840658052330204j,0.6214963266946889,2.3840658052330204
1.5851174750881887+1.018401855114203j,1.5851174750881887,1.018401855114203
2.876865373909863+2.7235241621248116j,2.876865373909863,2.7235241621248116
0.08642290152813037+1.9029158098188268j,0.08642290152813037,1.9029158098188268
1.6202136388838646+2.5223477956944205j,1.6202136388838646,2.5223477956944205
1.394874280907219+1.9750823310526626j,1.394874280907219,1.9750823310526626
0.9091127564185013+2.8309931103752777j,0.9091127564185013,2.8309931103752777
2.676072709655081+0.47627223518677697j,2.676072709655081,0.47627223518677697
1.593171568010522+2.609947798365503j,1.593171568010522,2.609947798365503
1.4568164581335372+1.5700562453059694j,1.4568164581335372,1.5700562453059694
0.2616974340040831+2.40536510606914j,0.2616974340040831,2.40536510606914
0.3638545482944966+1.9914373127992313j,0.3638545482944966,1.9914373127992313
2.3349462166014656+0.8970660123382471j,2.3349462166014656,0.8970660123382471
2.5405573442223153+2.221746941743815j,2.5405573442223153,2.221746941743815
1.4898240700230443+0.16232882748828958j,1.4898240700230443,0.16232882748828958
0.8271331689419096+2.347178076774278j,0.8271331689419096,2.347178076774278
2.493157175446128+2.147019167826943j,2.493157175446128,2.147019167826943
0.8617789866676692+0.5248166373039563j,0.8617789866676692,0.5248166373039563
2.809247629875305+2.646694049576166j,2.809247629875305,2.646694049576166
0.15949331025751845+0.9696202286053599j,0.15949331025751845,0.9696202286053599
2.790394470981107+2.9437015794235446j,2.790394470981107,2.9437015794235446
2.1559005069448927+2.3552396608639032j,2.1559005069448927,2.3552396608639032
1.8110167985673808+1.9923466549571844j,1.8110167985673808,1.9923466549571844
0.8890024090655331+2.4148551764521535j,0.8890024090655331,2.4148551764521535
0.4864486919573998+1.6630857258029739j,0.4864486919573998,1.6630857258029739
2.000067594433732+0.42782594244692784j,2.000067594433732,0.42782594244692784
2.7256066844917566+2.8571204318584837j,2.7256066844917566,2.8571204318584837
0.36605213508800205+2.847592903621862j,0.36605213508800205,2.847592903621862
1.70062184495193+0.5125837966642747j,1.70062184495193,0.5125837966642747
1.5820500240911861+1.7930918773884783j,1.5820500240911861,1.7930918773884783
2.192243114482392+2.0933366642846463j,2.192243114482392,2.0933366642846463
2.117620298013806+0.6065526555605866j,2.117620298013806,0.6065526555605866
0.10169823874422823+2.371596357044224j,0.10169823874422823,2.371596357044224
1.9057938740927143+1.5733983355977939j,1.9057938740927143,1.5733983355977939
2.2982543605590533+0.6299453592821859j,2.2982543605590533,0.6299453592821859
0.0328156610827387+1.7155893331083136j,0.0328156610827387,1.7155893331083136
0.021302785468758634+2.0466884748158445j,0.021302785468758634,2.0466884748158445
2.2939785132051167+2.04596928816263j,2.2939785132051167,2.04596928816263
1.8029259165742255+1.863721175744634j,1.8029259165742255,1.863721175744634
2.1719703295757293+1.2692762285081192j,2.1719703295757293,1.2692762285081192
0.9871097488583082+0.3274215742299681j,0.9871097488583082,0.3274215742299681
0.12802426217443275+1.355993194630787j,0.12802426217443275,1.355993194630787
1.8273012548110823+1.0526666095860007j,1.8273012548110823,1.0526666095860007
1.5621834982686418+1.2238140303430862j,1.5621834982686418,1.2238140303430862
1.0635899051750446+2.3536981107038697j,1.0635899051750446,2.3536981107038697
2.455799018202471+2.0373476222774642j,2.455799018202471,2.0373476222774642
1.9281907531887539+1.988690904386665j,1.9281907531887539,1.988690904386665
1.360278311076056+1.0342648322221173j,1.360278311076056,1.0342648322221173
1.9867091957007472+1.2975794703340289j,1.9867091957007472,1.2975794703340289
0.7634588980726166+0.8810647637592384j,0.7634588980726166,0.8810647637592384
2.52498264239963+2.886741240194961j,2.52498264239963,2.886741240194961
2.082742922559405+2.2825001660358524j,2.082742922559405,2.2825001660358524
0.17390659496614136+0.3290240782386403j,0.17390659496614136,0.3290240782386403
2.936849212817113+2.6166300305560117j,2.936849212817113,2.6166300305560117
2.6843546362972397+2.43628928583943j,2.6843546362972397,2.43628928583943
1.1040127276960843+2.6457391612718877j,1.1040127276960843,2.6457391612718877
0.24740475321634858+1.7188361244877792j,0.24740475321634858,1.7188361244877792
1.0233361790309226+2.7680025180239287j,1.0233361790309226,2.7680025180239287
2.7038198005243297+2.1183331314439213j,2.7038198005243297,2.1183331314439213
1.37763494596233+1.2945934122234202j,1.37763494596233,1.2945934122234202
1.6594750868479058+1.9572019490177521j,1.6594750868479058,1.9572019490177521
0.005146437722231667+1.1629485467258127j,0.005146437722231667,1.1629485467258127
0.09842811309140065+2.9774751691042036j,0.09842811309140065,2.9774751691042036
0.20476377454091466+1.5417614769042727j,0.20476377454091466,1.5417614769042727
0.8166577212109366+0.7806662510209429j,0.8166577212109366,0.7806662510209429
1.6409374902832465+2.7755575620788737j,1.6409374902832465,2.7755575620788737
2.687200705975787+2.416168708128895j,2.687200705975787,2.416168708128895
2.7629485022063167+0.2043669273430344j,2.7629485022063167,0.2043669273430344
0.4754356846089187+0.3102085764369561j,0.4754356846089187,0.3102085764369561
0.9127568000499688+1.0022636473118793j,0.9127568000499688,1.0022636473118793
2.1967547390269533+2.5925557981268734j,2.1967547390269533,2.5925557981268734
2.9131712666761826+1.6516345874787017j,2.9131712666761826,1.6516345874787017
1.159874612601425+2.7807035790926444j,1.159874612601425,2.7807035790926444
2.8616298318994273+0.41287881812894567j,2.8616298318994273,0.41287881812894567
1.550555598859552+1.7218050481823388j,1.550555598859552,1.7218050481823388
0.6708931547629932+2.002625323941393j,0.6708931547629932,2.002625323941393
2.352387988752838+0.8382472926288863j,2.352387988752838,0.8382472926288863
2.5004764239186086+0.15231278177343088j,2.5004764239186086,0.15231278177343088
2.285534121500877+1.4507010967363883j,2.285534121500877,1.4507010967363883
0.03915364412413347+1.167369370409372j,0.03915364412413347,1.167369370409372
1.4778511771344387+2.7657291895210125j,1.4778511771344387,2.7657291895210125
1.9154974721098+1.0900881413189873j,1.9154974721098,1.0900881413189873
1.1625526031140416+2.9291413500502648j,1.1625526031140416,2.9291413500502648
0.19001995268619432+0.26572252274566954j,0.19001995268619432,0.26572252274566954
2.3723865898764225+1.9931248289378614j,2.3723865898764225,1.9931248289378614
1.4201153972813945+0.03676047357980805j,1.4201153972813945,0.03676047357980805
1.4481473805553473+0.22835713275141234j,1.4481473805553473,0.22835713275141234
0.7471191511387665+2.443868915302307j,0.7471191511387665,2.443868915302307
0.5103584356762483+2.7687080676866302j,0.5103584356762483,2.7687080676866302
1.0503275026351324+1.6909054044286382j,1.0503275026351324,1.6909054044286382
1.9410573646816398+0.8361219677753736j,1.9410573646816398,0.8361219677753736
1.2602805035007232+0.2136409992727133j,1.2602805035007232,0.2136409992727133
0.18342611893701766+0.22755026546112234j,0.18342611893701766,0.22755026546112234
0.3814882859160361+0.7764622500414803j,0.3814882859160361,0.7764622500414803
1.6695375463610147+2.067755197821756j,1.6695375463610147,2.067755197821756
2.4501103664799055+1.6320450798465138j,2.4501103664799055,1.6320450798465138
2.1718236889508864+2.1379050622237306j,2.1718236889508864,2.1379050622237306
2.557879859061497+1.2703932433268026j,2.557879859061497,1.2703932433268026
1.2626512910343077+0.24234645825880696j,1.2626512910343077,0.24234645825880696
2.2780846552729326+0.5960855058723878j,2.2780846552729326,0.5960855058723878
1.6787519793110357+0.7174655967745884j,1.6787519793110357,0.7174655967745884
2.3493878177990135+0.6475783699280984j,2.3493878177990135,0.6475783699280984
1.1211393023651626+1.928937494841965j,1.1211393023651626,1.928937494841965
1.1016066351898912+1.0532930820636088j,1.1016066351898912,1.0532930820636088
2.0624516352114823+2.6648694422416357j,2.0624516352114823,2.6648694422416357
1.0737097469462449+2.6918652796069837j,1.0737097469462449,2.6918652796069837
0.5295965756867643+2.3629353855034427j,0.5295965756867643,2.3629353855034427
2.4273414278846968+1.2513212817648218j,2.4273414278846968,1.2513212817648218
1.4101513757112432+0.3139815950271j,1.4101513757112432,0.3139815950271
1.1704643651907343+2.5003063593864923j,1.1704643651907343,2.5003063593864923
1.0552539108459467+2.5320455791971983j,1.0552539108459467,2.5320455791971983
0.08749559238805327+1.98562212755058j,0.08749559238805327,1.98562212755058
2.7982226524455007+2.0594789211707853j,2.7982226524455007,2.0594789211707853
0.004434152918739609+2.888789976359853j,0.004434152918739609,2.888789976359853
1.0085397901337312+0.06915043694203327j,1.0085397901337312,0.06915043694203327
1.133286316791715+2.6432356371773427j,1.133286316791715,2.6432356371773427
0.15062719964867943+0.40399515016725673j,0.15062719964867943,0.40399515016725673
1.4536432410996627+1.6150211420670257j,1.4536432410996627,1.6150211420670257
2.939041010166469+0.8973694603300875j,2.939041010166469,0.8973694603300875
1.347787158635497+2.0816859907881278j,1.347787158635497,2.0816859907881278
1.8917448416561458+2.783195172563062j,1.8917448416561458,2.783195172563062
2.5154963980480596+1.0717100150782803j,2.5154963980480596,1.0717100150782803
0.4892126497524596+2.6457289617140196j,0.4892126497524596,2.6457289617140196
2.488384160583775+2.444637097763682j,2.488384160583775,2.444637097763682
1.2943574402752334+1.1576256320154192j,1.2943574402752334,1.1576256320154192
2.510507011345344+2.149525343932342j,2.510507011345344,2.149525343932342
0.9668825766046473+1.5552008583123094j,0.9668825766046473,1.5552008583123094
1.6022446149180758+0.11880129412134299j,1.6022446149180758,0.11880129412134299
0.16976199866068598+2.5570591478294844j,0.16976199866068598,2.5570591478294844
1.064754921334812+1.0944013696005372j,1.064754921334812,1.0944013696005372
1.056420127195063+0.06508185593695814j,1.056420127195063,0.06508185593695814
2.942672733903548+2.9187547075910323j,2.942672733903548,2.9187547075910323
1.6934910771638738+0.7364756876516819j,1.6934910771638738,0.7364756876516819
0.0933952996410623+1.8616826646282874j,0.0933952996410623,1.8616826646282874
0.027845456733789353+2.3780333197771193j,0.027845456733789353,2.3780333197771193
0.011243358584177132+2.395097037248362j,0.011243358584177132,2.395097037248362
1.0624606003021615+1.3074971494087024j,1.0624606003021615,1.3074971494087024
2.1032453590136964+1.5176457659943021j,2.1032453590136964,1.5176457659943021
0.18162394922990555+0.8940212244225286j,0.18162394922990555,0.8940212244225286
1.9859162399800678+0.9921681416814188j,1.9859162399800678,0.9921681416814188
2.3338704566033464+0.6801833115086562j,2.3338704566033464,0.6801833115086562
2.875427334225476+2.8924498388375266j,2.875427334225476,2.8924498388375266
1.4481306339985767+2.6358061351015394j,1.4481306339985767,2.6358061351015394
1.3537453493397185+2.766146310741898j,1.3537453493397185,2.766146310741898
1.0162575578031685+1.5312925254293175j,1.0162575578031685,1.5312925254293175
0.5955330674816486+2.6152438699281815j,0.5955330674816486,2.6152438699281815
2.524533626847851+2.1944735813629377j,2.524533626847851,2.1944735813629377
1.1792240288608347+1.4751523640836415j,1.1792240288608347,1.4751523640836415
0.34126585746316895+2.9028881038052012j,0.34126585746316895,2.9028881038052012
2.6190084179415014+1.4128170334506296j,2.6190084179415014,1.4128170334506296
1.2518967456198768+0.26575468520247536j,1.2518967456198768,0.26575468520247536
1.0705664913770436+0.7137233073772615j,1.0705664913770436,0.7137233073772615
0.09514051401391055+1.4453794443246437j,0.09514051401391055,1.4453794443246437
2.3163023168295944+1.935608955776262j,2.3163023168295944,1.935608955776262
0.31340643595945616+1.1275988183761005j,0.31340643595945616,1.1275988183761005
1.5442150308474423+0.4225852870443053j,1.5442150308474423,0.4225852870443053
0.30121963693062437+0.046733756625253586j,0.30121963693062437,0.046733756625253586
2.3101587318901236+1.2897402755368157j,2.3101587318901236,1.2897402755368157
1.191587725704792+0.2500835824218728j,1.191587725704792,0.2500835824218728
2.2367306371237494+0.6741806175823245j,2.2367306371237494,0.6741806175823245
0.8781009763304457+0.6742659839902178j,0.8781009763304457,0.6742659839902178
0.37649770186029063+1.1941723910600883j,0.37649770186029063,1.1941723910600883
2.4364478005871333+0.48180893749536735j,2.4364478005871333,0.48180893749536735
1.482647854336788+2.8134636149045655j,1.482647854336788,2.8134636149045655
1.1253467585941008+2.4583791534121957j,1.1253467585941008,2.4583791534121957
2.6572519389180775+1.9231675929644743j,2.6572519389180775,1.9231675929644743
0.747828658229214+1.2041436156266436j,0.747828658229214,1.2041436156266436
2.632021376091783+1.2285753301863704j,2.632021376091783,1.2285753301863704
2.8260872599406404+1.5363471953012646j,2.8260872599406404,1.5363471953012646
0.4446469895724111+0.2942041317849591j,0.4446469895724111,0.2942041317849591
0.5227338053769804+0.03330409761790465j,0.5227338053769804,0.03330409761790465
1.5475108061111027+1.9067235220807504j,1.5475108061111027,1.9067235220807504
2.456324842984947+0.429668842985344j,2.456324842984947,0.429668842985344
2.5027249982012285+1.114542054771008j,2.5027249982012285,1.114542054771008
1.05241222554882+1.7333940321137604j,1.05241222554882,1.7333940321137604
1.7558483366587398+0.9020408869768115j,1.7558483366587398,0.9020408869768115
1.12139710814097+0.5489213080825859j,1.12139710814097,0.5489213080825859
0.9806844296198174+1.1690868398282714j,0.9806844296198174,1.1690868398282714
1.8048662684715282+1.9859211718327345j,1.8048662684715282,1.9859211718327345
0.6611121976476231+1.1579338900403817j,0.6611121976476231,1.1579338900403817
2.8448810917735914+2.2055495040375046j,2.8448810917735914,2.2055495040375046
2.9111803825107527+0.9819560293080769j,2.9111803825107527,0.9819560293080769
2.0912921602063363+1.7899442988413896j,2.0912921602063363,1.7899442988413896
2.7915188724063142+1.549832384119806j,2.7915188724063142,1.549832384119806
1.3024228468410388+2.9786644133091316j,1.3024228468410388,2.9786644133091316
2.1510503078436036+0.57272155226985j,2.1510503078436036,0.57272155226985
0.3932949218219959+2.9943943521458225j,0.3932949218219959,2.9943943521458225
2.9938927229251497+0.6073200659274723j,2.9938927229251497,0.6073200659274723
2.7594200895999856+2.5089890468272658j,2.7594200895999856,2.5089890468272658
2.860290654317178+0.5402475775689334j,2.860290654317178,0.5402475775689334
1.6203214784341688+1.9054606439199686j,1.6203214784341688,1.9054606439199686
1.790904252171399+1.7115437753361449j,1.790904252171399,1.7115437753361449
2.3343336451469385+1.5058116823334489j,2.3343336451469385,1.5058116823334489
1.9801151270657793+0.8042944705911492j,1.9801151270657793,0.8042944705911492
2.21068970145133+0.6052295266863229j,2.21068970145133,0.6052295266863229
1.529878081719719+1.1201095749250256j,1.529878081719719,1.1201095749250256
1.8872400617946057+1.8948873841117746j,1.8872400617946057,1.8948873841117746
2.6027024260912226+2.8514561315922244j,2.6027024260912226,2.8514561315922244
2.2959505910051416+0.6389201862990312j,2.2959505910051416,0.6389201862990312
0.48144787791111365+1.236660360785994j,0.48144787791111365,1.236660360785994
1.1106164806746923+0.6813710724524789j,1.1106164806746923,0.6813710724524789
0.7889441621219208+1.6984866163767032j,0.7889441621219208,1.6984866163767032
0.44948685611111416+1.2491892265672622j,0.44948685611111416,1.2491892265672622
2.8753760231940397+1.0435346907242664j,2.8753760231940397,1.0435346907242664
1.3630791464626046+0.6246388753937839j,1.3630791464626046,0.6246388753937839
0.217585630625603+2.8465268027539077j,0.217585630625603,2.8465268027539077
2.4212212398106474+1.5704395346354505j,2.4212212398106474,1.5704395346354505
2.4379144825449197+2.3641060336187465j,2.4379144825449197,2.3641060336187465
2.727272145793124+1.924041377218416j,2.727272145793124,1.924041377218416
2.5708603476284697+1.3272279607680901j,2.5708603476284697,1.3272279607680901
0.5043682774906444+2.7621076384142156j,0.5043682774906444,2.7621076384142156
2.3671109792843454+1.3548798665961326j,2.3671109792843454,1.3548798665961326
1.4042826331329867+2.766886749043887j,1.4042826331329867,2.766886749043887
2.6219813914696113+0.5816652850276348j,2.6219813914696113,0.5816652850276348
2.526910952534288+2.684086588182254j,2.526910952534288,2.684086588182254
2.9828782928482993+2.8031760909841044j,2.9828782928482993,2.8031760909841044
1.0147879526855794+2.2961194913013925j,1.0147879526855794,2.2961194913013925
0.6103773475242625+0.19459776194032763j,0.6103773475242625,0.19459776194032763
0.04038485357737376+2.2557000423592113j,0.04038485357737376,2.2557000423592113
2.259959554982903+2.001242031813839j,2.259959554982903,2.001242031813839
0.3714911868243981+0.999135589118219j,0.3714911868243981,0.999135589118219
0.9202385240397092+0.46123310333546197j,0.9202385240397092,0.46123310333546197
0.5350378981327417+1.395595096894286j,0.5350378981327417,1.395595096894286
1.2650005086895337+1.9131503985109424j,1.2650005086895337,1.9131503985109424
1.6649910662833087+1.158041885753585j,1.6649910662833087,1.158041885753585
2.4741686805939396+0.05888689970433525j,2.4741686805939396,0.05888689970433525
1.9337250553054286+0.982858780675999j,1.9337250553054286,0.982858780675999
1.9155898966877403+2.526550216540652j,1.9155898966877403,2.526550216540652
2.9818644495094557+2.254086749351977j,2.9818644495094557,2.254086749351977
1.6622196541688672+2.491854544099871j,1.6622196541688672,2.491854544099871
1.743552026259402+1.03801639434081j,1.743552026259402,1.03801639434081
2.6211198414440924+0.14321593926999476j,2.6211198414440924,0.14321593926999476
2.120335630941436+0.47040199467281174j,2.120335630941436,0.47040199467281174
0.7094751986706529+1.485098045472732j,0.7094751986706529,1.485098045472732
0.426840998316519+1.6912568558805585j,0.426840998316519,1.6912568558805585
2.403801873451301+0.2274560381014541j,2.403801873451301,0.2274560381014541
2.2053021550733076+2.2018800561018734j,2.2053021550733076,2.2018800561018734
1.487744948531748+2.7193819325918565j,1.487744948531748,2.7193819325918565
2.0493661882571286+1.4452181234977042j,2.0493661882571286,1.4452181234977042
2.908945853607922+1.1360283193739864j,2.908945853607922,1.1360283193739864
0.34752725467436807+2.030182681305737j,0.34752725467436807,2.030182681305737
2.119491670879292+1.2881701368694913j,2.119491670879292,1.2881701368694913
1.3640365004796478+0.903928086930979j,1.3640365004796478,0.903928086930979
1.6034013344974833+1.62858198350279j,1.6034013344974833,1.62858198350279
1.9076178724218473+2.3679940632213836j,1.9076178724218473,2.3679940632213836
0.5468444504419083+0.8183389931117916j,0.5468444504419083,0.8183389931117916
1.234682982770944+1.1242824976191326j,1.234682982770944,1.1242824976191326
0.04959066186182348+0.8373510535505901j,0.04959066186182348,0.8373510535505901
0.7402725812077058+1.236193992509281j,0.7402725812077058,1.236193992509281
1.125788297346685+0.11469171426122293j,1.125788297346685,0.11469171426122293
2.6158428871928674+0.8048689610050797j,2.6158428871928674,0.8048689610050797
0.010978018992636507+1.9668246330454755j,0.010978018992636507,1.9668246330454755
2.3476179613198602+2.337212996370045j,2.3476179613198602,2.337212996370045
1.0188431722551816+2.4139442599892194j,1.0188431722551816,2.4139442599892194
2.272849388928918+0.6299351727783791j,2.272849388928918,0.6299351727783791
0.8737326347855523+1.5532434330485736j,0.8737326347855523,1.5532434330485736
2.8866340337247207+0.9711249423946843j,2.8866340337247207,0.9711249423946843
0.5835792536545035+2.9178220843200626j,0.5835792536545035,2.9178220843200626
0.24413561578829368+1.9315507397590095j,0.24413561578829368,1.9315507397590095
0.29130150871048377+0.5441884289017958j,0.29130150871048377,0.5441884289017958
0.11030982324826566+2.2992008825062755j,0.11030982324826566,2.2992008825062755
1.387493589336792+1.4552706568461589j,1.387493589336792,1.4552706568461589
0.22505617626418328+2.174403079327369j,0.22505617626418328,2.174403079327369
2.8578069981425442+2.2694385397468393j,2.8578069981425442,2.2694385397468393
1.7705009622175094+2.0059642308102115j,1.7705009622175094,2.0059642308102115
1.8489978295796534+0.2968282028960948j,1.8489978295796534,0.2968282028960948
1.635229248328966+1.5131576705862435j,1.635229248328966,1.5131576705862435
0.9695293234439628+0.22244681912557063j,0.9695293234439628,0.22244681912557063
1.3821947358686002+0.10214229081540604j,1.3821947358686002,0.10214229081540604
1.4679253646475459+1.321966604509604j,1.4679253646475459,1.321966604509604
0.5944018341861698+0.31940984193317323j,0.5944018341861698,0.31940984193317323
2.6598899147287884+2.3933363388221167j,2.6598899147287884,2.3933363388221167
1.1044152180769293+1.8669114992653477j,1.1044152180769293,1.8669114992653477
0.010434446553515109+0.5285087568492848j,0.010434446553515109,0.5285087568492848
2.449083057674688+0.5544498795510581j,2.449083057674688,0.5544498795510581
0.42303634296060133+2.6224777304362044j,0.42303634296060133,2.6224777304362044
1.5898524869190847+1.4149504029531448j,1.5898524869190847,1.4149504029531448
2.296754982564723+1.6472323485610998j,2.296754982564723,1.6472323485610998
2.663785506606559+0.17669923313819813j,2.663785506606559,0.17669923313819813
2.5492336690541215+1.4626324676352491j,2.5492336690541215,1.4626324676352491
2.0356181211712063+1.0817013142779923j,2.0356181211712063,1.0817013142779923
2.1193864630619843+2.1776119805699383j,2.1193864630619843,2.1776119805699383
1.7891036811163292+2.614367226356401j,1.7891036811163292,2.614367226356401
2.783260249491571+1.8922293198026412j,2.783260249491571,1.8922293198026412
2.5590085182102342+1.9215304494090368j,2.5590085182102342,1.9215304494090368
1.896134014823346+1.9277365246214941j,1.896134014823346,1.9277365246214941
2.0540192753129105+0.5153688071873743j,2.0540192753129105,0.5153688071873743
1.9170777406424102+0.40419721017657684j,1.9170777406424102,0.40419721017657684
1.9154022289582424+0.18220996821521152j,1.9154022289582424,0.18220996821521152
1.271179000983535+0.7280057952992093j,1.271179000983535,0.7280057952992093
2.413439946807876+1.1926586413066997j,2.413439946807876,1.1926586413066997
2.690700199844205+0.009063551583886387j,2.690700199844205,0.009063551583886387
1.2398279644785513+2.8624099597077306j,1.2398279644785513,2.8624099597077306
1.5977602640680544+0.6431538619322564j,1.5977602640680544,0.6431538619322564
1.5768833571763405+0.4763569572167259j,1.5768833571763405,0.4763569572167259
1.0731343882540583+1.7189371288138617j,1.0731343882540583,1.7189371288138617
1.7903848350890097+0.7292234467409504j,1.7903848350890097,0.7292234467409504
1.8868151927868013+1.489670731475312j,1.8868151927868013,1.489670731475312
1.6471725004670712+0.7527582499885024j,1.6471725004670712,0.7527582499885024
0.7426571486203182+2.8158540228481455j,0.7426571486203182,2.8158540228481455
0.45822386876367005+1.8214416905755944j,0.45822386876367005,1.8214416905755944
2.6287721188346582+2.864814041524128j,2.6287721188346582,2.864814041524128
2.006493210272895+2.4035746252352603j,2.006493210272895,2.4035746252352603
1.4266094211774845+0.406773028347584j,1.4266094211774845,0.406773028347584
2.4419135061792545+0.632468302219025j,2.4419135061792545,0.632468302219025
0.12120946653282327+2.540693944658106j,0.12120946653282327,2.540693944658106
2.3544269204370143+0.7032845105846518j,2.3544269204370143,0.7032845105846518
1.796447895261121+0.9206018894830809j,1.796447895261121,0.9206018894830809
1.8534972621736299+1.907223997624126j,1.8534972621736299,1.907223997624126
0.3086901927621961+2.0236843749362623j,0.3086901927621961,2.0236843749362623
1.7347888450910982+0.17487036824487945j,1.7347888450910982,0.17487036824487945
1.7333615163407727+2.2718783832397516j,1.7333615163407727,2.2718783832397516
0.965563306330519+1.2372770563267856j,0.965563306330519,1.2372770563267856
1.1017817046029017+0.26085787245521663j,1.1017817046029017,0.26085787245521663
2.654993576367337+1.5258695564051004j,2.654993576367337,1.5258695564051004
0.4385848476790867+0.1822920454684418j,0.4385848476790867,0.1822920454684418
0.3687318263973083+2.010868033348233j,0.3687318263973083,2.010868033348233
0.9844578846787024+0.36684442522304017j,0.9844578846787024,0.36684442522304017
1.0475047719485127+2.7579881029748723j,1.0475047719485127,2.7579881029748723
2.3405168240580627+1.7953465700825024j,2.3405168240580627,1.7953465700825024
0.3013076911493089+1.187294425605202j,0.3013076911493089,1.187294425605202
0.11824446445496595+2.0061987686909815j,0.11824446445496595,2.0061987686909815
1.0825066406441526+0.6306418576839661j,1.0825066406441526,0.6306418576839661
0.3225307513733209+2.1513219347050647j,0.3225307513733209,2.1513219347050647
0.36911395418599435+0.041423041164631025j,0.36911395418599435,0.041423041164631025
0.7361182113503786+0.43130396945393534j,0.7361182113503786,0.43130396945393534
2.36547387707908+1.6547345661786825j,2.36547387707908,1.6547345661786825
1.3036006247143348+2.243682878408637j,1.3036006247143348,2.243682878408637
1.4062806137381432+2.918212245919262j,1.4062806137381432,2.918212245919262
1.7193580566211644+1.1488847678034713j,1.7193580566211644,1.1488847678034713
0.5291022040897141+0.011209579714411166j,0.5291022040897141,0.011209579714411166
0.3182092494013764+2.498019643799057j,0.3182092494013764,2.498019643799057
2.422638001762291+1.4925491573136895j,2.422638001762291,1.4925491573136895
0.4233313906412557+0.39036054232214423j,0.4233313906412557,0.39036054232214423
2.892612231229109+1.0931567544817442j,2.892612231229109,1.0931567544817442
1.1007048317677075+2.5381775919006397j,1.1007048317677075,2.5381775919006397
2.706478864603157+0.24975721545512286j,2.706478864603157,0.24975721545512286
0.1822704310564992+0.4626897145733633j,0.1822704310564992,0.4626897145733633
0.6746147082815057+1.9530471799999922j,0.6746147082815057,1.9530471799999922
0.45388917116336724+0.36599520385810635j,0.45388917116336724,0.36599520385810635
1.7758466147721008+2.0260590065569j,1.7758466147721008,2.0260590065569
2.8971043577707882+2.9522567433833355j,2.8971043577707882,2.9522567433833355
2.761984638009787+0.9041672826995895j,2.761984638009787,0.9041672826995895
2.7218282208086477+2.4888875657120386j,2.7218282208086477,2.4888875657120386
0.12971273364017966+1.843873386166599j,0.12971273364017966,1.843873386166599
1.76973583324585+0.9481592821973656j,1.76973583324585,0.9481592821973656
2.442374940482948+0.3346995649232022j,2.442374940482948,0.3346995649232022
2.6535140816303087+1.7928913434785287j,2.6535140816303087,1.7928913434785287
0.3873192500722735+1.056142816790913j,0.3873192500722735,1.056142816790913
0.36333433787402414+2.6975852073085664j,0.36333433787402414,2.6975852073085664
0.20583690963897983+0.359577691917659j,0.20583690963897983,0.359577691917659
0.5672536490415024+0.38781141516715745j,0.5672536490415024,0.38781141516715745
0.44154440591158417+2.541071836865309j,0.44154440591158417,2.541071836865309
0.7438316186501188+1.136677396629024j,0.7438316186501188,1.136677396629024
0.949656786124484+1.4254518566867356j,0.949656786124484,1.4254518566867356
0.9269370062340583+0.8816989791265677j,0.9269370062340583,0.8816989791265677
2.177099800619114+2.6882366080635265j,2.177099800619114,2.6882366080635265
2.96204172413977+2.935934158805272j,2.96204172413977,2.935934158805272
1.9229574327543943+0.9007553101052056j,1.9229574327543943,0.9007553101052056
1.257133961805187+0.7948083367119305j,1.257133961805187,0.7948083367119305
2.7496938378323144+2.156156599804026j,2.7496938378323144,2.156156599804026
2.399574651478927+2.915433986957032j,2.399574651478927,2.915433986957032
0.6738810600246656+0.8960669488078081j,0.6738810600246656,0.8960669488078081
0.02726494592004991+0.4384815340596099j,0.02726494592004991,0.4384815340596099
2.609720965126395+0.9428942463549843j,2.609720965126395,0.9428942463549843
1.5365842777921357+0.08137890149544924j,1.5365842777921357,0.08137890149544924
2.052741177390696+2.670268201708207j,2.052741177390696,2.670268201708207
0.8865301064429013+0.7388841890695763j,0.8865301064429013,0.7388841890695763
0.031131587330142763+0.8027289515090626j,0.031131587330142763,0.8027289515090626
2.3377619390927578+1.6814934215362567j,2.3377619390927578,1.6814934215362567
1.0687040020433325+2.5148022987192467j,1.0687040020433325,2.5148022987192467
2.757268067929877+2.0493226554336017j,2.757268067929877,2.0493226554336017
1.2885391046019172+1.8809833588852798j,1.2885391046019172,1.8809833588852798
2.070144288261429+0.05846789029699673j,2.070144288261429,0.05846789029699673
0.9355695019929281+2.651846848008668j,0.9355695019929281,2.651846848008668
2.8459167437539645+2.5276918383223608j,2.8459167437539645,2.5276918383223608
2.286194707086038+0.1486081692781549j,2.286194707086038,0.1486081692781549
0.5276165693107693+2.1848261022884645j,0.5276165693107693,2.1848261022884645
0.5289348488791534+2.946776333661571j,0.5289348488791534,2.946776333661571
2.24789349792953+0.4673115909846509j,2.24789349792953,0.4673115909846509
2.0027298299917935+2.494105374963306j,2.0027298299917935,2.494105374963306
0.806728662193976+1.9253569747814656j,0.806728662193976,1.9253569747814656
2.2303140680140876+1.2086379872025872j,2.2303140680140876,1.2086379872025872
0.4789555342987768+1.1096809268807997j,0.4789555342987768,1.1096809268807997
2.6724666519321505+0.561850446728773j,2.6724666519321505,0.561850446728773
2.0985094897972854+0.4934954582433858j,2.0985094897972854,0.4934954582433858
0.6473561822818671+1.848870250918834j,0.6473561822818671,1.848870250918834
2.684533264795549+0.5538754670586779j,2.684533264795549,0.5538754670586779
1.640475088637925+2.550400008487827j,1.640475088637925,2.550400008487827
0.8202672280441325+0.565623607942407j,0.8202672280441325,0.565623607942407
2.931184567982612+0.9954448134921924j,2.931184567982612,0.9954448134921924
1.7615867150540325+0.16857082736901352j,1.7615867150540325,0.16857082736901352
2.346953414068913+1.0909222170241528j,2.346953414068913,1.0909222170241528
0.5917698185331257+2.1248022616871305j,0.5917698185331257,2.1248022616871305
2.571808879425042+1.934508732007898j,2.571808879425042,1.934508732007898
2.9339157403884015+1.6043811362059144j,2.9339157403884015,1.6043811362059144
1.203586848749903+2.7503177755611192j,1.203586848749903,2.7503177755611192
2.7079808820948177+2.745341661697986j,2.7079808820948177,2.745341661697986
2.0334479207106773+1.1334726935405541j,2.0334479207106773,1.1334726935405541
0.2894050429166367+2.219205323844697j,0.2894050429166367,2.219205323844697
0.11908634161197396+1.927464937256114j,0.11908634161197396,1.927464937256114
0.25146550604685813+0.8624906042835271j,0.25146550604685813,0.8624906042835271
1.1089962348830456+0.3803105733549793j,1.1089962348830456,0.3803105733549793
2.2720816730527407+0.5253442792980553j,2.2720816730527407,0.5253442792980553
2.2990421737756+1.8349955605088728j,2.2990421737756,1.8349955605088728
0.640178064648453+0.30939310455876223j,0.640178064648453,0.30939310455876223
2.4808956716675192+2.688481397032058j,2.4808956716675192,2.688481397032058
1.9543627511984754+2.9564335955025003j,1.9543627511984754,2.9564335955025003
1.6435138198141572+2.490400659950198j,1.6435138198141572,2.490400659950198
1.3485362761054565+1.1103139471236503j,1.3485362761054565,1.1103139471236503
1.9585574305062268+2.842251244634915j,1.9585574305062268,2.842251244634915
0.15741061720031058+2.409857719253278j,0.15741061720031058,2.409857719253278
0.46500197461828996+0.9596156444294648j,0.46500197461828996,0.9596156444294648
2.055502081350131+0.7078049547551581j,2.055502081350131,0.7078049547551581
0.16776764621675266+1.401804556856769j,0.16776764621675266,1.401804556856769
1.224793354010722+2.4175267736806543j,1.224793354010722,2.4175267736806543
0.3581061331843396+2.561817667608562j,0.3581061331843396,2.561817667608562
2.7947173473401685+1.058042120498584j,2.7947173473401685,1.058042120498584
0.9824382542206199+0.5037950856808405j,0.9824382542206199,0.5037950856808405
2.5780067678914658+1.7957142854423271j,2.5780067678914658,1.7957142854423271
0.5498032970750134+2.2278232257576134j,0.5498032970750134,2.2278232257576134
1.2866719507112316+2.2254071378409273j,1.2866719507112316,2.2254071378409273
0.8260853793446076+1.4911513424801957j,0.8260853793446076,1.4911513424801957
1.4872555883118932+1.484034576936398j,1.4872555883118932,1.484034576936398
1.0965062332134652+2.1024047456558086j,1.0965062332134652,2.1024047456558086
0.7548013526360033+1.4393221438243142j,0.7548013526360033,1.4393221438243142
1.9263581586212415+2.7959045805357037j,1.9263581586212415,2.7959045805357037
1.6903130552152694+2.9817132725080606j,1.6903130552152694,2.9817132725080606
2.2559240253915407+2.5016300266669824j,2.2559240253915407,2.5016300266669824
2.1307975548275397+1.5803710328925802j,2.1307975548275397,1.5803710328925802
2.294339524646445+0.18463883123384506j,2.294339524646445,0.18463883123384506
2.2334705959267835+2.005216371687852j,2.2334705959267835,2.005216371687852
1.8372917361912995+0.805609872834265j,1.8372917361912995,0.805609872834265
0.16951712761813642+2.755707437282811j,0.16951712761813642,2.755707437282811
1.2099898392747168+0.08662897339613973j,1.2099898392747168,0.08662897339613973
2.631326106445842+1.6731778944183522j,2.631326106445842,1.6731778944183522
2.1171694368917575+0.6383371351998764j,2.1171694368917575,0.6383371351998764
1.8376827178515662+1.7754239044547804j,1.8376827178515662,1.7754239044547804
1.7801508180729666+0.4978450990487896j,1.7801508180729666,0.4978450990487896
0.07923787097710988+0.9906961332333859j,0.07923787097710988,0.9906961332333859
1.2449760293861496+2.4343228655550093j,1.2449760293861496,2.4343228655550093
1.446820497545294+2.4491728727605198j,1.446820497545294,2.4491728727605198
0.6339684477916647+0.38698993215212696j,0.6339684477916647,0.38698993215212696
1.7543770212916965+1.8052774745835756j,1.7543770212916965,1.8052774745835756
0.5703306150986487+2.655258277139841j,0.5703306150986487,2.655258277139841
1.9935987128832524+1.876673944229506j,1.9935987128832524,1.876673944229506
0.47288200635739+0.8027221619461931j,0.47288200635739,0.8027221619461931
2.0594927802812544+0.5186155952812666j,2.0594927802812544,0.5186155952812666
1.5723521623715113+1.1140751551011374j,1.5723521623715113,1.1140751551011374
0.9035176946428014+0.9442473105618358j,0.9035176946428014,0.9442473105618358
1.671921909969853+2.3296453695261468j,1.671921909969853,2.3296453695261468
1.0087314420831577+2.8476586000075668j,1.0087314420831577,2.8476586000075668
2.7083756134355+1.827507475000775j,2.7083756134355,1.827507475000775
1.6085589300265157+2.3545220530675715j,1.6085589300265157,2.3545220530675715
0.116894184619449+0.013245668008170619j,0.116894184619449,0.013245668008170619
2.2482993349226934+0.5460602325104461j,2.2482993349226934,0.5460602325104461
0.38654185755881876+2.293100453162576j,0.38654185755881876,2.293100453162576
1.6516997207070663+0.010543613217765091j,1.6516997207070663,0.010543613217765091
0.9291102314641612+0.1467560606690288j,0.9291102314641612,0.1467560606690288
2.20044486600318+0.6200224441139427j,2.20044486600318,0.6200224441139427
2.4658289650510405+1.7405316841015372j,2.4658289650510405,1.7405316841015372
0.6165237506923749+2.7776852409130655j,0.6165237506923749,2.7776852409130655
1.9960404206064277+1.202250610935881j,1.9960404206064277,1.202250610935881
1.7419169855328756+2.367481173358645j,1.7419169855328756,2.367481173358645
0.9253752723199444+2.8021171453385882j,0.9253752723199444,2.8021171453385882
1.8686581129372826+0.32010003452459657j,1.8686581129372826,0.32010003452459657
2.055297044624079+1.4497547149271692j,2.055297044624079,1.4497547149271692
1.3581811205364462+2.254565079487806j,1.3581811205364462,2.254565079487806
1.1109024515300212+2.370008191286859j,1.1109024515300212,2.370008191286859
1.1610564024443573+2.510845514868626j,1.1610564024443573,2.510845514868626
1.6564268587859683+2.4421053222073854j,1.6564268587859683,2.4421053222073854
0.6980047444218241+0.6135326764261856j,0.6980047444218241,0.6135326764261856
0.9558438805886773+1.0066322789671105j,0.9558438805886773,1.0066322789671105
0.10933795418606629+0.3096020453810904j,0.10933795418606629,0.3096020453810904
1.6154360721792522+2.133006232830298j,1.6154360721792522,2.133006232830298
1.3657611616964156+1.1796123624144332j,1.3657611616964156,1.1796123624144332
2.895129761849355+2.961903319577754j,2.895129761849355,2.961903319577754
0.8966124205400133+0.9592412650596026j,0.8966124205400133,0.9592412650596026
0.9800675685140152+1.3579709620735942j,0.9800675685140152,1.3579709620735942
0.4204950493456838+0.11228213385993357j,0.4204950493456838,0.11228213385993357
0.14993332624566524+0.14909870702537387j,0.14993332624566524,0.14909870702537387
0.78882020001177+1.1419847837668522j,0.78882020001177,1.1419847837668522
0.03304111365546314+2.6183332926270024j,0.03304111365546314,2.6183332926270024
2.434770552108551+0.8309733864884532j,2.434770552108551,0.8309733864884532
2.989226882747506+0.6943546308466763j,2.989226882747506,0.6943546308466763
1.14807755946497+0.3201260813283191j,1.14807755946497,0.3201260813283191
1.0570081670945424+2.292809054623737j,1.0570081670945424,2.292809054623737
2.5445573173270324+1.4188097123149337j,2.5445573173270324,1.4188097123149337
1.9941440940877304+2.344309344938937j,1.9941440940877304,2.344309344938937
2.4507427247057536+2.181384084378947j,2.4507427247057536,2.181384084378947
2.0227547836317497+1.4879801420305359j,2.0227547836317497,1.4879801420305359
0.9532453668283493+0.7435349429427743j,0.9532453668283493,0.7435349429427743
2.948954188039645+2.869208344672481j,2.948954188039645,2.869208344672481
1.1491624792115607+1.1855080733933772j,1.1491624792115607,1.1855080733933772
1.628992567613391+2.944078186124277j,1.628992567613391,2.944078186124277
0.8117580027833116+1.280934381392607j,0.8117580027833116,1.280934381392607
2.2757064361894095+1.5727553798115912j,2.2757064361894095,1.5727553798115912
1.0949510896430583+0.4390724795272869j,1.0949510896430583,0.4390724795272869
2.2628452040711515+0.22192249200069147j,2.2628452040711515,0.22192249200069147
0.6379861303104911+0.8990916623226264j,0.6379861303104911,0.8990916623226264
0.39100723986829145+2.663730208015858j,0.39100723986829145,2.663730208015858
0.390354963123304+0.47440452541849j,0.390354963123304,0.47440452541849
0.616878669443385+0.21768691600857804j,0.616878669443385,0.21768691600857804
0.9285826079277496+2.1335891070554642j,0.9285826079277496,2.1335891070554642
1.1873239241338243+2.1775325437769455j,1.1873239241338243,2.1775325437769455
0.9707080468626053+2.747860128593728j,0.9707080468626053,2.747860128593728
0.319705862707757+0.7566842079439681j,0.319705862707757,0.7566842079439681
0.8140275400938813+1.0494224083887285j,0.8140275400938813,1.0494224083887285
1.5135939896646051+2.116810745228811j,1.5135939896646051,2.116810745228811
2.8830610026457486+2.7335390662345067j,2.8830610026457486,2.7335390662345067
0.03457892197595469+2.3609795818303616j,0.03457892197595469,2.3609795818303616
1.5385845548602313+0.161330267139433j,1.5385845548602313,0.161330267139433
0.2820708814936601+1.4662633043286595j,0.2820708814936601,1.4662633043286595
0.43724378992825097+0.30407840528190144j,0.43724378992825097,0.30407840528190144
1.747876175893898+2.324833220261386j,1.747876175893898,2.324833220261386
1.2318496858735513+0.7955036535689883j,1.2318496858735513,0.7955036535689883
2.399195929030161+2.872612769895486j,2.399195929030161,2.872612769895486
0.2888385043156011+1.7007450592379612j,0.2888385043156011,1.7007450592379612
2.3832305671357297+2.6310913525193813j,2.3832305671357297,2.6310913525193813
2.2536892626218017+2.111410055762035j,2.2536892626218017,2.111410055762035
2.50856845801378+2.5751602186362774j,2.50856845801378,2.5751602186362774
1.9994069507669403+1.2339338068141967j,1.9994069507669403,1.2339338068141967
1.0566935735080583+0.6885410164996025j,1.0566935735080583,0.6885410164996025
1.169838299592035+2.6165087703878407j,1.169838299592035,2.6165087703878407
2.873613339364807+1.1001076106590197j,2.873613339364807,1.1001076106590197
0.358448934237357+0.3543335714225935j,0.358448934237357,0.3543335714225935
0.21931413299642433+1.23279088273001j,0.21931413299642433,1.23279088273001
1.2917169534840496+2.7796820012144936j,1.2917169534840496,2.7796820012144936
2.5612493522319193+0.8174843983347225j,2.5612493522319193,0.8174843983347225
1.1350644686551066+0.7052846853247466j,1.1350644686551066,0.7052846853247466
1.5410241870392916+1.7126632025343127j,1.5410241870392916,1.7126632025343127
1.4762027247624903+1.3071862389069877j,1.4762027247624903,1.3071862389069877
0.6536445911712374+0.2907937885354962j,0.6536445911712374,0.2907937885354962
2.0902792558837424+1.0187039425097564j,2.0902792558837424,1.0187039425097564
1.7253850334005814+1.5753425471429376j,1.7253850334005814,1.5753425471429376
0.16536286186124183+0.648255576807063j,0.16536286186124183,0.648255576807063
2.157985973806645+0.4682513155282171j,2.157985973806645,0.4682513155282171
1.5189659327479719+2.113715911597863j,1.5189659327479719,2.113715911597863
0.21726476105722559+2.0453335877335097j,0.21726476105722559,2.0453335877335097
2.7873054041463607+2.75163045317804j,2.7873054041463607,2.75163045317804
1.8367979397065728+0.15971004508853304j,1.8367979397065728,0.15971004508853304
0.41799523341832656+2.7917008037078164j,0.41799523341832656,2.7917008037078164
1.8778552653126839+2.173974926419769j,1.8778552653126839,2.173974926419769
1.56433039681349+2.96975670516973j,1.56433039681349,2.96975670516973
2.722607188217027+2.898823174042297j,2.722607188217027,2.898823174042297
1.5204738268069062+2.369855336706511j,1.5204738268069062,2.369855336706511
2.1058494357636843+0.7536302869089064j,2.1058494357636843,0.7536302869089064
1.1393324220237395+1.6323504115909258j,1.1393324220237395,1.6323504115909258
0.6163958694481275+0.20791684261952248j,0.6163958694481275,0.20791684261952248
2.1956116036034965+2.2993285508608863j,2.1956116036034965,2.2993285508608863
2.0925067400771824+0.17636769994028j,2.0925067400771824,0.17636769994028
2.472141564162096+0.5762618752392418j,2.472141564162096,0.5762618752392418
2.788004111433107+0.97055831886073j,2.788004111433107,0.97055831886073
1.3651284624329652+2.7952757002194897j,1.3651284624329652,2.7952757002194897
2.9076446141938765+0.6506612869818701j,2.9076446141938765,0.6506612869818701
0.6638688570721799+1.8869367153947498j,0.6638688570721799,1.8869367153947498
0.7294619959822395+0.7377043321353315j,0.7294619959822395,0.7377043321353315
1.178935053630589+2.7011582221791763j,1.178935053630589,2.7011582221791763
2.550752564056895+2.03902825315361j,2.550752564056895,2.03902825315361
2.5470005828480264+0.5029784436795909j,2.5470005828480264,0.5029784436795909
1.2841604654882854+0.24566808214389046j,1.2841604654882854,0.24566808214389046
2.6292196193592594+1.840618652411218j,2.6292196193592594,1.840618652411218
2.071623211115109+1.036758542194005j,2.071623211115109,1.036758542194005
2.3280468275183006+0.4035676098245594j,2.3280468275183006,0.4035676098245594
1.1911271439279874+1.2334894040496605j,1.1911271439279874,1.2334894040496605
2.9276660736877176+1.0377815233073684j,2.9276660736877176,1.0377815233073684
0.8923848410841028+1.2034313330603317j,0.8923848410841028,1.2034313330603317
2.9973806969176193+1.1480860554104497j,2.9973806969176193,1.1480860554104497
1.5976882415124996+0.5230950522009832j,1.5976882415124996,0.5230950522009832
0.33459012162894364+0.05550149953114114j,0.33459012162894364,0.05550149953114114
1.3850310685320673+2.638198357672046j,1.3850310685320673,2.638198357672046
0.18892549280229265+1.5696322225707364j,0.18892549280229265,1.5696322225707364
1.3221519340591954+2.689555645004604j,1.3221519340591954,2.689555645004604
2.6770040540118663+2.7312835397657715j,2.6770040540118663,2.7312835397657715
1.302564174715762+1.8899060492029776j,1.302564174715762,1.8899060492029776
2.532789158507134+0.39008682992116583j,2.532789158507134,0.39008682992116583
2.9804672573007234+0.7277995719089515j,2.9804672573007234,0.7277995719089515
0.3649548156333362+0.4619502390975312j,0.3649548156333362,0.4619502390975312
1.9456546093992997+2.348890241760146j,1.9456546093992997,2.348890241760146
1.9221625188226676+0.35094296489248444j,1.9221625188226676,0.35094296489248444
1.4817154712113636+0.6560165187823304j,1.4817154712113636,0.6560165187823304
0.7688353689168779+1.9336650550403718j,0.7688353689168779,1.9336650550403718
2.7816430855292507+0.3900217791751617j,2.7816430855292507,0.3900217791751617
0.016570327462284595+0.045893633971640146j,0.016570327462284595,0.045893633971640146
2.2277456678555714+2.015029373459952j,2.2277456678555714,2.015029373459952
1.092296910426572+0.6238048018938265j,1.092296910426572,0.6238048018938265
2.776281408794371+1.9403542610713966j,2.776281408794371,1.9403542610713966
1.458100811130917+1.2752899736161463j,1.458100811130917,1.2752899736161463
1.9261067852091904+1.432264620804373j,1.9261067852091904,1.432264620804373
0.864031865035876+1.2647166437105304j,0.864031865035876,1.2647166437105304
0.785883336941057+2.974047210313763j,0.785883336941057,2.974047210313763
1.7511816828616156+0.4913200206411734j,1.7511816828616156,0.4913200206411734
1.799589413983135+2.834418982869525j,1.799589413983135,2.834418982869525
1.0708564780518603+0.7851305328213457j,1.0708564780518603,0.7851305328213457
2.2520984191746702+1.7274257176395549j,2.2520984191746702,1.7274257176395549
0.147667344713742+1.8619823684538936j,0.147667344713742,1.8619823684538936
0.11955275516271213+0.21150167846747903j,0.11955275516271213,0.21150167846747903
2.064868989531276+2.3792177838516104j,2.064868989531276,2.3792177838516104
1.2392425964329008+0.2096195297291078j,1.2392425964329008,0.2096195297291078
0.9009424992746535+1.9027042205032276j,0.9009424992746535,1.9027042205032276
2.4454040560849073+2.6662960228937473j,2.4454040560849073,2.6662960228937473
0.866120880294435+1.9720638488652902j,0.866120880294435,1.9720638488652902
2.114066186208682+2.8736253762791604j,2.114066186208682,2.8736253762791604
1.9100044002642527+1.413836437407963j,1.9100044002642527,1.413836437407963
0.5171088438087167+2.717016361753112j,0.5171088438087167,2.717016361753112
0.14969955383451627+2.806712109608007j,0.14969955383451627,2.806712109608007
2.252929999709647+2.230579824032024j,2.252929999709647,2.230579824032024
0.6648898587853893+2.670175334986779j,0.6648898587853893,2.670175334986779
0.3534131276667011+2.649705889979135j,0.3534131276667011,2.649705889979135
1.8261714926306196+2.5591542138491405j,1.8261714926306196,2.5591542138491405
1.8154453839902518+2.0166565896132056j,1.8154453839902518,2.0166565896132056
0.3873785393740753+0.16808658768719575j,0.3873785393740753,0.16808658768719575
0.13747219270118227+1.3172769399518152j,0.13747219270118227,1.3172769399518152
2.372105011543667+2.6115855521512645j,2.372105011543667,2.6115855521512645
0.553164444121769+1.5388750636576352j,0.553164444121769,1.5388750636576352
1.8415252470319674+2.1422798138148638j,1.8415252470319674,2.1422798138148638
0.3718521369560964+2.2382759702722668j,0.3718521369560964,2.2382759702722668
0.34741990421360636+1.6407184564306627j,0.34741990421360636,1.6407184564306627
0.7745046103435865+0.1971548575920612j,0.7745046103435865,0.1971548575920612
0.9104662228236501+0.027631547893278707j,0.9104662228236501,0.027631547893278707
1.18254928787281+1.7222593135040714j,1.18254928787281,1.7222593135040714
2.571888959293739+0.18153926510127505j,2.571888959293739,0.18153926510127505
2.8638822749900985+0.14168795291670078j,2.8638822749900985,0.14168795291670078
1.0563392637101185+0.41678087965689226j,1.0563392637101185,0.41678087965689226
2.219961769845904+0.011967711000133163j,2.219961769845904,0.011967711000133163
1.5672715510974615+1.415323470206371j,1.5672715510974615,1.415323470206371
2.2959116469382312+0.49534239614448683j,2.2959116469382312,0.49534239614448683
1.5821618133726303+1.914743659221248j,1.5821618133726303,1.914743659221248
2.9678102826649946+0.050245091512132634j,2.9678102826649946,0.050245091512132634
1.3893584310154505+1.9162782005547685j,1.3893584310154505,1.9162782005547685
1.9465114233725624+2.454820975027705j,1.9465114233725624,2.454820975027705
1.4616783917391236+1.386132878185439j,1.4616783917391236,1.386132878185439
2.0695668359438555+2.253881348396355j,2.0695668359438555,2.253881348396355
0.6726542469661383+0.8643838502939939j,0.6726542469661383,0.8643838502939939
2.6237545057576512+0.5330084085081607j,2.6237545057576512,0.5330084085081607
2.109983916169666+2.714240882550186j,2.109983916169666,2.714240882550186
1.2379221516424759+2.796024495257855j,1.2379221516424759,2.796024495257855
0.29578875996718124+0.35621300277962675j,0.29578875996718124,0.35621300277962675
1.6070877670979287+1.1364334187671883j,1.6070877670979287,1.1364334187671883
2.546054312313596+0.6430929277167321j,2.546054312313596,0.6430929277167321
1.7079868496877413+2.7944593727930616j,1.7079868496877413,2.7944593727930616
0.2951372465862757+1.8292040765606388j,0.2951372465862757,1.8292040765606388
1.9483512748442515+1.5476146905528863j,1.9483512748442515,1.5476146905528863
2.3333613770777712+2.5936187969588618j,2.3333613770777712,2.5936187969588618
0.03299864856884904+1.898389730020851j,0.03299864856884904,1.898389730020851
2.643168373132838+0.9722347736365777j,2.643168373132838,0.9722347736365777
0.5656335091433061+1.243890599788711j,0.5656335091433061,1.243890599788711
0.17721765139943324+1.7377698444208258j,0.17721765139943324,1.7377698444208258
2.952514266375675+1.3274401587345668j,2.952514266375675,1.3274401587345668
2.6606420552443746+2.46166764233187j,2.6606420552443746,2.46166764233187
1.1572946666622594+1.8511655692505125j,1.1572946666622594,1.8511655692505125
0.49256203269036913+0.1196952718677764j,0.49256203269036913,0.1196952718677764
1.0186498533682333+0.9676983503655233j,1.0186498533682333,0.9676983503655233
1.132518614317509+1.1036229205503365j,1.132518614317509,1.1036229205503365
2.3392371566636383+2.225349727027665j,2.3392371566636383,2.225349727027665
0.09601523541895318+0.4582240189300867j,0.09601523541895318,0.4582240189300867
2.013149862091721+0.28927095257700886j,2.013149862091721,0.28927095257700886
0.5612985698974078+1.9469172456747443j,0.5612985698974078,1.9469172456747443
2.5901721531396915+2.354949338617781j,2.5901721531396915,2.354949338617781
1.908864306423249+0.4233665628317964j,1.908864306423249,0.4233665628317964
1.8088422698575979+0.8540406524047557j,1.8088422698575979,0.8540406524047557
1.9224144862914445+0.7763098293938193j,1.9224144862914445,0.7763098293938193
0.7625668401873585+2.745787507040153j,0.7625668401873585,2.745787507040153
1.2210635542051527+1.8723741173831292j,1.2210635542051527,1.8723741173831292
2.7614021412563923+2.7712465064743004j,2.7614021412563923,2.7712465064743004
2.315188487459596+1.293901918314711j,2.315188487459596,1.293901918314711
1.63989468654005+0.6341463276214165j,1.63989468654005,0.6341463276214165
0.48405090669059325+1.8458026769763478j,0.48405090669059325,1.8458026769763478
0.7616351609583689+2.3326458115793027j,0.7616351609583689,2.3326458115793027
2.936257288267876+1.1221835410769838j,2.936257288267876,1.1221835410769838
0.9165781482028938+1.1010068184853776j,0.9165781482028938,1.1010068184853776
0.2518227929219571+1.0049439026194784j,0.2518227929219571,1.0049439026194784
2.8601842396591284+1.3877599357418942j,2.8601842396591284,1.3877599357418942
2.4907900021383584+0.6018660616478947j,2.4907900021383584,0.6018660616478947
1.6378393503209367+2.680440851975721j,1.6378393503209367,2.680440851975721
0.45058335594567755+0.460002314316584j,0.45058335594567755,0.460002314316584
2.195588428819849+0.11077198912593489j,2.195588428819849,0.11077198912593489
0.6366902134009936+1.757726246207179j,0.6366902134009936,1.757726246207179
0.2597622815487487+2.185328365303419j,0.2597622815487487,2.185328365303419
2.7845088474449438+1.335245142123246j,2.7845088474449438,1.335245142123246
1.1394307769644274+1.9549492541767752j,1.1394307769644274,1.9549492541767752
2.0201344946772197+2.3611369101319024j,2.0201344946772197,2.3611369101319024
0.7599797456986478+0.16956383951981313j,0.7599797456986478,0.16956383951981313
