id,b0,b1,b2,b3,feature1,feature2
0,1.359388347,0.456330385,0.75895264,0.562993666,0.954751417,2.735559975
1,1.426834876,0.197067772,0.730232866,0.760497437,0.403375405,2.903451275
2,0.904918824,1.029403624,0.60661696,-0.20396737,2.642157595,2.278942967
3,0.94290494,1.048081958,0.596973793,-0.204251626,2.255737551,1.967725577
4,0.644795948,1.425912887,0.644214467,-0.792150378,2.092472245,0.73690836
5,1.41266972,0.752607688,0.758958125,0.859458396,0.519058366,1.397888872
6,1.153254662,0.680206591,0.682525117,0.223821527,1.669357545,2.57215436
7,1.133247,0.674281964,0.669057835,0.189806457,1.857402787,2.769829575
8,0.911436402,0.967034097,0.458351421,-0.111307686,1.219573074,1.19783339
9,1.427548297,0.212188745,0.702419394,0.880493115,0.24714292,2.082951652
10,1.419311174,0.153186104,0.679873391,0.911528092,0.166952899,2.021995268
11,1.426905838,0.1944673,0.729958942,0.760431231,0.400969819,2.918154889
12,0.689741157,1.364504728,0.653675945,-0.56489775,2.784650306,1.362416111
13,0.777819072,0.056117587,-0.522737227,0.438658894,0.031396267,0.551803795
14,1.019196713,0.849469361,0.550900831,0.113489544,1.281311808,1.577482389
15,0.955711212,0.862446734,0.498120433,0.028396701,1.356833194,1.535659026
16,1.418762889,0.011084427,0.669368307,0.885922647,0.018239797,2.572474569
17,0.27904685,1.410738086,0.569324644,-0.922430061,2.286559371,0.321631091
18,0.71854019,1.011995613,0.296667438,-0.568734813,0.998956476,0.60229659
19,0.770367352,1.340492658,0.515678804,-0.898154662,1.271630634,0.398493099
20,1.326027386,0.606173598,0.753181086,0.537128069,0.932155079,2.127989169
21,1.42827535,0.382488772,0.736990326,0.82892482,0.423145036,1.966836379
22,0.461157693,1.186877834,0.332619467,-0.750450175,1.261159011,0.231955486
23,0.947945296,0.669292175,0.348083978,0.440648954,0.548922601,0.939198008
24,0.926397719,0.96734984,0.595562398,-0.157013425,2.584426915,2.380273833
25,0.544337287,1.431962463,0.620788168,-0.872946801,2.031577375,0.554724931
26,0.797981357,1.371404395,0.652813496,-0.630278946,2.073405085,1.037695938
27,0.809729161,1.239843134,0.638208594,-0.372343265,2.83791114,1.908365267
28,0.5380379,1.412853234,0.647735544,-0.684737303,2.992973366,1.065924744
29,0.692629991,1.429760494,0.619851226,-0.924956709,1.653872616,0.510746386
30,1.430165739,0.317078141,0.721492989,0.863737599,0.340654383,1.964008373
31,1.395431507,0.55069654,0.758486129,0.71477937,0.642847129,1.913113695
32,1.22326785,0.632762032,0.734030452,0.327261008,1.442831318,2.581394433
33,0.964600534,1.153360864,0.55008442,-0.374078263,1.356343671,1.056980286
34,0.608534143,1.398961851,0.652141394,-0.649022299,2.81365807,1.143227985
35,1.28679942,0.656371927,0.743538076,0.469479731,1.028036733,2.074034222
36,1.153488537,0.666783525,0.68430268,0.219191433,1.754136999,2.716938219
37,1.000865211,0.75019584,0.56568375,0.026938177,2.168468446,2.56776221
38,0.033284318,0.454987957,-0.636585144,-0.15466972,0.416279474,0.021281129
39,0.048973001,1.387026244,0.532565084,-0.932020564,2.831085668,0.077937523
40,1.430188015,0.249859274,0.721384062,0.834228595,0.333366007,2.231874945
41,0.5086724,0.413440056,-0.03008355,-0.01243744,0.603807502,0.707662472
42,0.722726229,1.398901321,0.653505243,-0.690179794,2.171626852,0.946269476
43,1.404747083,0.435093161,0.674850637,0.910304841,0.270434676,1.455498363
44,0.92707444,1.031779559,0.600591724,-0.1983692,2.423548737,2.119058024
45,0.817011652,1.239450722,0.637322026,-0.370961407,2.77829383,1.879627275
46,0.15653873,1.292073443,0.43311063,-0.858170256,1.685816488,0.105206309
47,1.080783385,0.735858434,0.446305155,0.575647325,0.502163342,0.997485981
48,1.429276661,0.202586568,0.708350555,0.859503771,0.263352837,2.214735688
49,1.251457441,0.688227061,0.733211267,0.410347103,1.111355949,2.049979146
50,0.180557256,1.089833179,0.229420475,-0.663355255,1.28062802,0.091122114
51,0.363139591,1.432131592,0.614698845,-0.827895498,2.779112938,0.59216215
52,1.381998309,0.407031915,0.7578024,0.614079556,0.831864304,2.750569551
53,1.32789689,0.598531911,0.753764408,0.538211462,0.934265847,2.154413302
54,1.378477446,0.562642761,0.758921347,0.663118827,0.721864166,1.991737418
55,1.427578064,0.230351516,0.730706583,0.778860824,0.400677067,2.610678202
56,0.979669101,1.026331798,0.580785437,-0.175806281,2.003817424,1.824711659
57,0.95837239,0.872387112,0.494882864,0.048867545,1.268115527,1.452876351
58,0.833832296,1.293154417,0.641103208,-0.446100737,2.37501754,1.492293567
59,1.338208685,0.358714699,0.58672956,0.854213534,0.193611656,1.33290238
60,1.272393499,0.409012724,0.519337378,0.792010919,0.205618635,1.207410878
61,0.319745021,0.859061079,-0.402931534,-0.438889007,0.764034077,0.198404126
62,0.986980615,1.248834791,0.608490436,-0.466302607,1.588399296,1.095944011
63,0.881652322,1.055410673,0.614190133,-0.227891472,2.806020043,2.330100904
64,0.738316093,1.069280607,0.332939869,-0.630515546,1.026303065,0.574444855
65,0.930859365,1.151294632,0.609599453,-0.282976355,2.165517182,1.719362244
66,0.96639591,1.068006492,0.590326124,-0.210735433,2.046986726,1.785265353
67,0.650222089,1.39720217,0.65290614,-0.65690196,2.563698146,1.079253286
68,0.915869031,0.99590397,0.600999506,-0.178804829,2.62104312,2.34137452
69,0.248812004,1.405467839,0.56112345,-0.92926684,2.294608265,0.286803387
70,0.239753331,0.730129991,-0.612106103,-0.347217593,0.584882846,0.12122248
71,0.967717036,0.973757841,0.581109228,-0.144513547,2.172520897,2.047920623
72,1.414336912,0.410149559,0.75087503,0.743245516,0.563119368,2.186326885
73,1.321075405,0.59775411,0.752884567,0.520880456,0.970066083,2.199099092
74,0.966894406,1.162510843,0.599248838,-0.283696893,1.926821413,1.553572131
75,0.855503007,1.429490736,0.647937139,-0.884565796,1.539744075,0.610468981
76,1.298070917,0.736502234,0.738018906,0.544169312,0.854714823,1.70266549
77,0.470465756,1.431322851,0.614992944,-0.866876597,2.209180482,0.540908094
78,0.849459226,1.426069509,0.621589749,-0.965392973,1.407916341,0.496695708
79,0.063445356,1.333226237,0.474533217,-0.898326238,2.038769181,0.058454947
80,0.50688,0.824586806,-0.585226623,-0.395174135,0.631461675,0.293302495
81,0.547353015,1.431982098,0.631455725,-0.828293205,2.200394816,0.647481367
82,0.981202335,0.803798667,0.558962974,-0.032798981,2.307420907,2.520731791
83,1.424033131,0.241867954,0.695051526,0.907551341,0.239256942,1.903319646
84,0.73213927,1.375237741,0.547704026,-0.932903739,1.36708956,0.394806854
85,1.405945966,0.391493684,0.753321873,0.69826553,0.637998523,2.418178563
86,1.265225923,0.657755061,0.739309864,0.422971416,1.124263792,2.163514362
87,0.554196727,1.430697204,0.635343028,-0.809374069,2.260540984,0.690934602
88,0.365393352,1.417653789,0.582664002,-0.917817147,2.146496709,0.38513855
89,0.507028803,0.271720646,-0.758000931,0.257303619,0.189253778,0.272193263
90,0.842969801,1.388877177,0.653458861,-0.706918104,1.808772712,0.867669526
91,0.45040924,0.000281503,-0.724388859,0.332684892,0.000181841,0.260580908
92,0.241062024,1.285820744,0.427995944,-0.850836794,1.578933552,0.147672578
93,0.948590933,1.12682876,0.602113918,-0.25995331,2.086600596,1.712102306
94,1.426496389,0.255583272,0.73400029,0.774959097,0.426997132,2.537002309
95,0.333516435,1.32679599,0.473365541,-0.888770486,1.605201519,0.211181694
96,1.140622815,0.674929906,0.674166207,0.201552008,1.79516565,2.71074447
97,1.151916826,0.651342911,0.685026626,0.211422321,1.879095915,2.919678929
98,1.064059028,0.746709202,0.609186085,0.112047304,1.777916691,2.324411335
99,0.134657064,1.323851734,0.465797073,-0.888517252,1.847187461,0.105076104
100,0.984243621,1.234671957,0.596568817,-0.468082614,1.492228912,1.045917861
101,1.42863464,0.079907295,0.697647944,0.838063415,0.149457098,2.776669406
102,0.984040676,1.046971002,0.577687874,-0.186710742,1.902665041,1.716163006
103,0.908633584,1.02017276,0.604914899,-0.19679028,2.629866682,2.291534684
104,1.415902289,0.8418468,0.758232832,0.909759418,0.491983345,1.259743271
105,1.358317414,0.623670318,0.756636155,0.630939892,0.767478617,1.891249332
106,1.223403811,0.89349225,0.626323138,0.686265979,0.602976959,1.127783514
107,1.429534872,0.296938043,0.72881276,0.825390124,0.378565043,2.158849065
108,0.973035594,0.387574359,0.217029296,0.503269514,0.232032567,0.958388929
109,0.881253847,1.244061606,0.628280887,-0.36588307,2.304706463,1.628817838
110,0.799063987,0.055133303,-0.076116915,0.380046154,0.057268918,0.841439151
111,1.151309129,0.67590874,0.681648285,0.219007751,1.709908301,2.62962016
112,0.665379345,1.413270365,0.58980254,-0.964981832,1.555551143,0.430821766
113,0.960241909,0.856563159,0.518958789,-0.0205246,1.633278926,1.781620465
114,0.959611178,1.262532195,0.621059134,-0.45538216,1.760094013,1.192228767
115,1.17703057,0.661235382,0.701890111,0.256156109,1.617317632,2.618311589
116,0.771674319,1.345045842,0.650964647,-0.543794987,2.410358243,1.297451821
117,0.975209477,0.829067843,0.545497353,-0.030024258,1.979119403,2.156619309
118,1.283656493,0.612043276,0.746410554,0.440627991,1.141867051,2.345343808
119,0.551303475,1.424706347,0.642310037,-0.75556672,2.512203715,0.826059772
120,0.984799069,1.170734046,0.587996971,-0.3074968,1.69799638,1.359428657
121,0.54560561,0.411893026,-0.204733658,0.046049157,0.508037527,0.624242351
122,1.223219135,0.597958139,0.737626442,0.313709769,1.614004162,2.940627778
123,0.935160016,1.105000082,0.60434338,-0.247185181,2.214557798,1.833309403
124,0.748311532,1.427211381,0.646374588,-0.833355146,1.781792297,0.670119202
125,0.790801808,0.38274644,-0.621924826,0.39968636,0.22570484,0.511087677
126,0.266082076,1.42497571,0.591396072,-0.871631486,2.769639291,0.420396757
127,0.933962362,1.163146624,0.517433397,-0.499659473,1.196438923,0.849624937
128,1.335273296,0.516262063,0.757146029,0.521320234,1.029624487,2.582884883
129,1.156212267,0.670559795,0.685801672,0.224992108,1.709077824,2.656192656
130,1.421879979,0.492191311,0.749557927,0.809626555,0.497035847,1.824065289
131,0.919398464,0.921804555,0.594138331,-0.132154343,2.79871947,2.661700163
132,0.781796006,0.152816286,-0.023474475,0.337136331,0.166304733,0.843109401
133,1.398455045,0.144365435,0.646538866,0.908668504,0.123166767,1.777983426
134,0.777212193,1.380690044,0.557745973,-0.93819203,1.342220991,0.413175225
135,0.079471256,0.891145088,0.035811003,-0.474772982,1.112116301,0.047783628
136,1.261713811,0.594268862,0.744204912,0.386427971,1.332530845,2.635543332
137,0.368842533,1.42406417,0.593584198,-0.895949851,2.276646074,0.431581866
138,1.380462174,0.133832427,0.622028004,0.894878732,0.101383068,1.670689819
139,0.614943412,1.421185226,0.646330478,-0.752908052,2.307915571,0.826034594
140,0.709936833,1.37707872,0.653904811,-0.610548206,2.47608655,1.169679797
141,0.517764498,0.347080122,-0.74340562,0.22424877,0.250750802,0.298376778
142,1.003431257,0.73151532,0.571693459,0.026095899,2.384472776,2.840068429
143,1.323270936,0.486214475,0.756927893,0.47978532,1.198038372,2.985562314
144,0.210969991,0.364995132,-0.65299002,-0.034782674,0.356897222,0.159207291
145,0.972020058,0.947868525,0.544024434,-0.096435447,1.714986931,1.718918419
146,0.972917072,1.170083541,0.597776805,-0.288603246,1.883847923,1.515363777
147,1.424658391,0.065547173,0.685212855,0.869013279,0.105951433,2.541444305
148,0.970192997,0.840850998,0.535851275,-0.02656571,1.825460672,1.989965112
149,0.882958344,1.108468693,0.617782416,-0.263233037,2.62933394,2.091408877
150,0.86574788,1.282098607,0.636748337,-0.437386116,2.218096069,1.437526297
151,1.429447622,0.094089804,0.702252004,0.829261721,0.178367087,2.797627114
152,0.724593552,1.402543823,0.653225385,-0.704824585,2.126303325,0.912374916
153,0.200428398,0.295737779,-0.677219495,0.024688119,0.304502149,0.14520889
154,0.945871791,1.125521517,0.602865009,-0.259656736,2.106609745,1.727161777
155,1.344766339,0.618481053,0.755176524,0.591439882,0.830228149,1.975746724
156,0.855548654,1.263863236,0.63449764,-0.39351169,2.396282805,1.617899786
157,0.279497573,1.426179806,0.594268434,-0.86782109,2.75563141,0.439363019
158,1.284226824,0.445255574,0.535803902,0.801656061,0.223806905,1.205848482
159,0.816287392,1.278459842,0.640059011,-0.406479311,2.629124097,1.706465132
160,1.423032168,0.193760719,0.689875001,0.903835667,0.207622083,1.996133177
161,1.008581077,0.840134536,0.546148012,0.08546617,1.370942799,1.655676359
162,1.20732312,0.709639028,0.720055488,0.334144641,1.241437458,2.086569405
163,0.981683137,1.034651629,0.569916533,-0.172654699,1.829075073,1.680363568
164,0.945269484,0.794315617,0.440829956,0.330764891,0.748611001,1.018384845
165,0.62373999,1.431310667,0.636430854,-0.836321644,2.003292396,0.646455427
166,1.430226619,0.337874106,0.724472603,0.86192931,0.355403197,1.935084525
167,0.790398666,1.418420958,0.605272436,-0.971172255,1.435629144,0.465893936
168,1.419132144,0.053693425,0.673039047,0.893752877,0.076603916,2.362663046
169,0.750507582,1.044201209,0.331419997,-0.584800316,1.016986841,0.615447039
170,0.960313939,1.116915938,0.597210137,-0.249264797,2.023486081,1.687676521
171,0.491602228,1.42746173,0.637926676,-0.759054865,2.732125531,0.821030648
172,0.94809562,0.887013705,0.581474782,-0.099236436,2.541402771,2.535519319
173,0.741149932,1.420864898,0.649729165,-0.792682232,1.878865132,0.737891947
174,0.978481306,1.366387529,0.620055278,-0.853570024,1.223674549,0.626728685
175,1.045227075,0.744336049,0.596684335,0.084299595,1.914478532,2.430449464
176,0.702166869,0.302082774,-0.013998021,0.221456222,0.357935132,0.789093777
177,0.764629686,1.338050308,0.650447978,-0.522525181,2.521657085,1.382239003
178,1.000840118,0.736211253,0.568943,0.023816847,2.344242239,2.779391244
179,1.023735606,0.722407701,0.586884994,0.049672949,2.316590447,2.852112273
180,1.413996272,0.393937362,0.750466662,0.736267937,0.568918899,2.258149151
181,0.988532903,0.722535517,0.401486234,0.480198094,0.578582439,0.969104146
182,0.976980085,0.860464866,0.550662789,-0.051556612,1.97628297,2.094964198
183,0.853032088,1.11030746,0.6237684,-0.271765891,2.91631231,2.265835198
184,1.414598202,0.273873435,0.74545207,0.699798997,0.590812133,2.959053114
185,0.830739524,1.424298366,0.650556042,-0.843056063,1.633445689,0.663616515
186,0.581854632,1.409754447,0.649632463,-0.684587442,2.753567057,1.036046805
187,0.804171723,1.422738802,0.65053304,-0.824960082,1.703505281,0.687845639
188,0.647098165,1.377698473,0.544290961,-0.93565339,1.446152337,0.369966914
189,0.786495789,0.200873046,-0.605543344,0.438698718,0.106353566,0.510278891
190,0.9240791,1.200144009,0.615625837,-0.322741478,2.127743967,1.612743688
191,1.059154431,0.767932084,0.60148925,0.113999934,1.650238043,2.13614171
192,0.612756803,1.430718124,0.618810666,-0.902578796,1.818531695,0.522557144
193,0.735415096,0.746171805,0.252011803,-0.021677188,0.917596043,0.942047281
194,1.401235802,0.405523979,0.754929305,0.683534585,0.670651088,2.427679016
195,1.361727562,0.335247068,0.612250356,0.87555068,0.192656909,1.401509707
196,1.099249213,0.287588582,0.326539039,0.634935676,0.146814725,1.078126548
197,1.027046562,0.809437878,0.568811241,0.088822122,1.510461243,1.862314074
198,0.724467152,0.000384204,-0.593509044,0.43409566,0.000195187,0.481415168
199,1.423092666,0.100178294,0.684038619,0.885669447,0.137083219,2.301639274
200,1.126193084,0.760703895,0.651691842,0.217587562,1.387509002,2.000804745
201,0.842124023,1.123755791,0.626542664,-0.283387488,2.980390956,2.271045705
202,0.100422435,0.274114169,-0.653632841,-0.008193058,0.30176091,0.081180622
203,0.945253622,1.107841279,0.601471182,-0.24652205,2.137986221,1.778166636
204,0.989665609,0.855049827,0.52657963,0.07238252,1.322899679,1.564571582
205,0.965716498,1.17516787,0.600924364,-0.294323565,1.919083189,1.529543873
206,1.223298588,0.599481025,0.737490944,0.314404734,1.604894397,2.922021481
207,0.970602176,0.994611889,0.543515546,-0.12740306,1.635883189,1.585531009
208,0.899927517,1.267298174,0.630534561,-0.424147733,2.068256752,1.389812689
209,0.505515022,0.796108016,-0.529395839,-0.361443796,0.642042895,0.325630409
210,0.114800583,1.398119279,0.5475273,-0.923422527,2.721544468,0.172341557
211,0.507642864,1.425619044,0.640222446,-0.749131022,2.723731844,0.850384149
212,0.20816849,1.396337401,0.548154897,-0.939723553,2.284428895,0.236518085
213,0.960888344,0.803150795,0.569262293,-0.045132904,2.588193484,2.788135603
214,0.115906247,1.337497065,0.479851895,-0.901568301,1.958120342,0.099858596
215,0.968693716,0.810558411,0.527527737,0.005152416,1.744444542,1.971870005
216,1.386709148,0.83379743,0.703383269,0.885792098,0.418410644,1.151557071
217,0.838523069,1.311169355,0.643631255,-0.48984744,2.231603616,1.341921831
218,1.428924618,0.164355612,0.723530697,0.777181352,0.339483966,2.933772578
219,1.118340372,0.783766522,0.642013893,0.219510175,1.31299042,1.864532333
220,0.744742764,1.357524028,0.652651516,-0.56651797,2.468387865,1.265957535
221,0.981850498,0.848056468,0.562483617,-0.057902659,2.221685443,2.342799019
222,1.225821004,0.664462296,0.73082933,0.346286311,1.304167265,2.310512355
223,0.483977902,1.421488031,0.593639775,-0.9244993,1.917954899,0.431942679
224,0.702753959,1.421216604,0.648623822,-0.781548573,1.98673889,0.758585021
225,0.918735575,1.263712932,0.627495659,-0.428050961,1.970497853,1.334864582
226,0.240459276,1.421351521,0.583991516,-0.883179444,2.749101606,0.373425601
227,0.724705662,1.394148882,0.653776728,-0.673534955,2.211846787,0.984713797
228,0.575493013,1.403810039,0.650810309,-0.657080591,2.956757175,1.144570777
229,0.970371142,1.262151707,0.580268191,-0.622113592,1.275056955,0.807887021
230,1.390090747,0.420229122,0.757163115,0.646735314,0.7508259,2.525823645
231,1.4277445,0.252920402,0.731588804,0.787401913,0.404447455,2.473532335
232,0.334663565,1.431614048,0.610919562,-0.831760838,2.8662403,0.568203783
233,0.497364243,0.780433521,-0.62516806,-0.354657326,0.588154371,0.285956057
234,0.11808447,1.387519999,0.534952402,-0.941137443,2.477399523,0.15215692
235,1.371294306,0.554348924,0.758768,0.63746907,0.764347527,2.072513123
236,0.87456454,1.083456268,0.617738336,-0.248356507,2.787162309,2.249817276
237,1.394988583,0.398205002,0.755982001,0.656688959,0.727192833,2.578216588
238,0.682361346,1.366496019,0.653784038,-0.567952824,2.815770725,1.363282657
239,0.55643448,0.558943789,0.058728561,-0.002384431,0.777383002,0.788180999
240,0.833246216,1.369555513,0.651918511,-0.641683192,1.939979449,0.989165606
241,1.277976763,0.651957102,0.742266367,0.447559728,1.0775067,2.137123334
242,0.999846321,0.781377983,0.557220797,0.035126558,1.853040832,2.18879718
243,1.237377767,0.879644216,0.678822503,0.581780451,0.729270201,1.283168584
244,1.392704961,0.660087816,0.75885316,0.751127905,0.612379583,1.640790735
245,0.021651982,1.30975793,0.449823923,-0.877132594,1.96969402,0.018774613
246,1.382022031,0.148274617,0.624896359,0.89589023,0.111195184,1.66038048
247,0.520849026,1.418284411,0.645184206,-0.707056328,2.934365986,0.990551449
248,0.982141048,0.882210659,0.564668024,-0.077526609,2.150390551,2.208549741
249,0.072606827,1.388337468,0.534691537,-0.933601644,2.719091034,0.108509416
250,0.88788474,1.101597596,0.616203926,-0.257234664,2.604117875,2.090679491
251,0.50643187,1.423625447,0.64173206,-0.734757979,2.821048635,0.897541088
252,0.627065299,1.393980611,0.652943049,-0.636873533,2.778051627,1.169706051
253,0.961956745,1.131189061,0.59797934,-0.259886338,1.994519469,1.645631255
254,0.546995085,1.410502626,0.648660185,-0.67662365,2.99652167,1.091435594
255,0.909176538,1.389111745,0.652252477,-0.742648679,1.620194113,0.79522699
256,0.117219589,1.406079595,0.55762719,-0.906742726,2.951571521,0.199971882
257,1.409813828,0.703473825,0.758833027,0.828238087,0.538042208,1.488179811
258,1.428409087,0.725948342,0.752890811,0.920503185,0.453771082,1.363601841
259,1.004349834,0.474460297,0.269656157,0.52430195,0.290921129,0.963279252
260,0.510001374,1.42219238,0.642786127,-0.726565975,2.857945138,0.924637085
261,0.786008488,1.32818269,0.64860382,-0.506739611,2.4572836,1.394430353
262,0.872268441,1.111472172,0.620205188,-0.267935031,2.719498128,2.14099028
263,1.19850553,0.740120584,0.710194237,0.335773045,1.180207626,1.934144008
264,1.111018329,0.886671403,0.613104413,0.363625768,0.883644656,1.284968537
265,0.771358034,1.293256079,0.644874267,-0.420102282,2.935795467,1.81992892
266,0.836647166,1.174191065,0.630653142,-0.319618593,2.842187998,2.066368422
267,1.418248895,0.517299103,0.752592819,0.797455808,0.52163982,1.807851419
268,0.999114926,0.772988211,0.558898765,0.031171068,1.936579757,2.284818208
269,1.3397408,0.465460524,0.758320523,0.513085339,1.105053056,2.946379666
270,0.600489709,1.300638205,0.457590949,-0.860192054,1.331627477,0.311562842
271,1.355990932,0.567233868,0.757713311,0.59847438,0.831432322,2.123848409
272,0.947839037,1.062524808,0.513960358,-0.222220698,1.335400255,1.19019673
273,0.901271849,1.019136149,0.606778726,-0.198503156,2.710153785,2.35123031
274,0.968923059,0.822629559,0.532710455,-0.013842118,1.825164351,2.021353614
275,0.024647001,0.828159984,-0.257412521,-0.431046212,0.883709044,0.017809556
276,0.388164688,0.497825527,-0.626583011,-0.086697046,0.440019033,0.286487477
277,0.713647775,1.377047649,0.653892956,-0.611902467,2.453933075,1.161425621
278,1.412715273,0.41413857,0.751702805,0.736621367,0.575535935,2.198001086
279,0.979153114,1.056788166,0.583959167,-0.198135811,1.971089122,1.750121274
280,1.142869839,0.674608953,0.675797446,0.204993207,1.780434791,2.699304215
281,1.138833432,0.709553418,0.668365704,0.212269164,1.587103364,2.363522096
282,0.113571429,1.396247901,0.545207991,-0.926680037,2.681057805,0.166429645
283,0.561569475,0.408369985,-0.70827454,0.211091599,0.300229821,0.349610605
284,0.968606084,1.017466184,0.540969774,-0.142407088,1.583403825,1.511755361
285,0.99789237,0.836290724,0.539606682,0.064942476,1.430000132,1.697942161
286,0.818126722,1.326701173,0.647036027,-0.517683501,2.259600096,1.298748377
287,0.272131396,1.417336666,0.578719974,-0.903551658,2.458418626,0.354239286
288,0.977118149,0.953071437,0.575074831,-0.126680756,2.12158419,2.046704216
289,0.903194222,0.969982553,0.449812087,-0.137426739,1.186899768,1.13859995
290,0.300276309,1.426427054,0.595563286,-0.870758794,2.65386163,0.446443023
291,1.253671174,0.897139619,0.661433811,0.687454981,0.625330733,1.176197758
292,0.742133746,1.336350474,0.650915087,-0.509048657,2.714834224,1.483988547
293,1.194041682,0.626901644,0.7176627,0.272470793,1.690585385,2.867307283
294,0.862866381,1.203507063,0.628435765,-0.336325907,2.530529495,1.829581703
295,0.903007743,0.273856017,0.130410585,0.445403394,0.181426657,0.928036641
296,0.97184132,1.242504119,0.613938796,-0.422610171,1.741920145,1.227221375
297,1.28067471,0.559927252,0.749334102,0.412028562,1.315605332,2.775711012
298,0.6443351,0.505489049,0.126364365,0.13553513,0.618857675,0.796478879
299,1.367339646,0.509974862,0.758904219,0.607261858,0.827352645,2.305342165
300,1.429848232,0.237426309,0.723941697,0.8171148,0.347376104,2.355657954
301,0.968866187,1.111082051,0.549187156,-0.258879697,1.467577041,1.256266679
302,1.428896858,0.119979999,0.70142493,0.84514748,0.196232308,2.550621206
303,1.033879414,0.751187598,0.587517163,0.070886551,1.926245847,2.400493749
304,0.94548747,0.824136451,0.577319643,-0.064787945,2.747195106,2.87930011
305,1.260640696,0.768498745,0.723757073,0.484736357,0.911367597,1.664012796
306,1.056857972,0.851239922,0.57941934,0.18035626,1.175861408,1.531541484
307,0.748059245,1.285547399,0.465644338,-0.843120133,1.193552526,0.408822521
308,0.104586484,1.367516124,0.511979652,-0.929615277,2.242308365,0.113796233
309,1.169427153,0.876223659,0.654754307,0.441432177,0.843905965,1.325229547
310,0.201318491,1.143786456,0.283313035,-0.714955573,1.339901795,0.103750397
311,0.98713385,1.253256513,0.610332082,-0.473136238,1.593352268,1.090642076
312,0.558514507,1.43099444,0.634847669,-0.814475867,2.228349878,0.680092895
313,1.343018173,0.594243713,0.755783589,0.575283332,0.865747098,2.085894642
314,1.027200726,0.843018782,0.559120667,0.118889519,1.299104602,1.614138555
315,0.784409452,0.217490715,-0.625620701,0.439119676,0.113274587,0.497803839
316,0.854044501,1.145368867,0.62594796,-0.295662876,2.780836086,2.099318919
317,1.407909064,0.391087565,0.75270426,0.706721526,0.621496327,2.384065805
318,0.987204244,1.285295046,0.62103637,-0.534947672,1.585117475,1.018401855
319,0.91334683,0.922276552,0.596012941,-0.134847098,2.876865374,2.723524162
320,1.400565864,0.08953693,0.646106452,0.910865966,0.086422902,1.90291581
321,1.159406816,0.68157778,0.686810672,0.234537568,1.620213639,2.522347796
322,1.115632434,0.768292719,0.642554899,0.204350485,1.394874281,1.975082331
323,1.371272252,0.420919537,0.758652634,0.584920586,0.909112756,2.83099311
324,0.31484482,1.428222868,0.600043887,-0.862273003,2.67607271,0.476272235
325,1.182870217,0.658284501,0.706461472,0.265006507,1.593171568,2.609947798
326,0.945879031,0.886029227,0.498068971,-0.024269634,1.456816458,1.570056245
327,1.429913528,0.175097263,0.710490212,0.840029169,0.261697434,2.405365106
328,1.43015418,0.328399937,0.72629476,0.850966522,0.363854548,1.991437313
329,0.641577078,1.413648683,0.649862933,-0.722421814,2.334946217,0.897066012
330,0.916860242,1.022822292,0.60284841,-0.195817815,2.540557344,2.221746942
331,0.285237718,1.264372665,0.406684174,-0.82951029,1.48982407,0.162328827
332,1.369316789,0.498256363,0.75895982,0.608521402,0.827133169,2.347178077
333,0.916966102,1.04171196,0.604327308,-0.208273328,2.493157175,2.147019168
334,0.469820315,0.739810557,0.017216664,-0.299401844,0.861778987,0.524816637
335,0.916327748,0.930776227,0.595774678,-0.138680005,2.80924763,2.64669405
336,0.957878351,0.289609232,0.182214644,0.500482854,0.15949331,0.969620229
337,0.944425821,0.815274713,0.577012547,-0.060482957,2.790394471,2.943701579
338,0.978910913,0.81351089,0.55336293,-0.030884532,2.155900507,2.355239661
339,0.968883197,0.831489337,0.532997463,-0.018820109,1.811016799,1.992346655
340,1.358433579,0.505772959,0.758678792,0.579584101,0.889002409,2.414855176
341,1.42321808,0.560379627,0.751116359,0.83801944,0.486448692,1.663085726
342,0.449191995,1.42175826,0.592658729,-0.918253529,2.000067594,0.427825942
343,0.9467994,0.825027796,0.576882122,-0.064613576,2.725606684,2.857120432
344,1.428334152,0.184923513,0.726421015,0.774630383,0.366052135,2.847592904
345,0.666812579,1.429970546,0.619136674,-0.91878259,1.700621845,0.512583797
346,0.96742702,0.830040621,0.520020123,0.014516041,1.582050024,1.793091877
347,0.968255075,0.958270086,0.579485919,-0.13410325,2.192243114,2.093336664
348,0.549531039,1.4325073,0.627606562,-0.847874354,2.117620298,0.606552656
349,1.421557255,0.070736462,0.678869493,0.886917649,0.101698239,2.371596357
350,0.974598198,1.140696806,0.594159012,-0.264222282,1.905793874,1.573398336
351,0.503363977,1.432434489,0.626975733,-0.831436963,2.298254361,0.629945359
352,1.36578987,0.041466579,0.598409162,0.884787898,0.032815661,1.715589333
353,1.398157641,0.019332596,0.638312544,0.910008144,0.021302785,2.046688475
354,0.944068413,1.02192433,0.59432395,-0.18593223,2.293978513,2.045969288
355,0.973374903,0.903975484,0.544770043,-0.070171102,1.802925917,1.863721176
356,0.837882347,1.322207321,0.645372701,-0.516238669,2.17197033,1.269276229
357,0.383731252,0.908817303,0.070700219,-0.469300062,0.987109749,0.327421574
358,1.310571371,0.234420863,0.546251718,0.833003976,0.128024262,1.355993195
359,0.901258257,1.332361027,0.643077995,-0.577792924,1.827301255,1.05266661
360,0.981561956,1.175339559,0.580677976,-0.342860131,1.562183498,1.22381403
361,1.308092106,0.585416685,0.751699555,0.484035438,1.063589905,2.353698111
362,0.91056267,1.081588389,0.609234434,-0.237316039,2.455799018,2.037347622
363,0.977507849,0.895445924,0.553307004,-0.073095808,1.928190753,1.988690904
364,0.967467641,1.169587113,0.556842889,-0.401615637,1.360278311,1.034264832
365,0.905621654,1.280094821,0.632421461,-0.455625016,1.986709196,1.29757947
366,0.72029721,0.653998274,0.218819002,0.137337674,0.763458898,0.881064764
367,0.975921307,0.742772147,0.557121082,-0.003802415,2.524982642,2.88674124
368,0.977296725,0.815052879,0.549585811,-0.027432076,2.082742923,2.282500166
369,0.611432158,0.288782425,-0.758501067,0.32876598,0.173906595,0.329024078
370,0.893180896,0.979498081,0.605882731,-0.176430434,2.936849213,2.616630031
371,0.915226639,0.975841923,0.599610478,-0.166437913,2.684354636,2.436289286
372,1.321855534,0.526468867,0.755697141,0.491976219,1.104012728,2.645739161
373,1.419221323,0.300487739,0.688877903,0.922122888,0.247404753,1.718836124
374,1.347153654,0.473608381,0.758546432,0.535706346,1.023336179,2.768002518
375,0.872069132,1.117102789,0.620646047,-0.271868571,2.703819801,2.118333131
376,0.949298203,1.036563819,0.512016637,-0.162164742,1.377634946,1.294593412
377,0.997769434,0.805330004,0.549203406,0.043038009,1.659475087,1.957201949
378,1.100847881,0.010292682,0.30947581,0.652697789,0.005146438,1.162948547
379,1.428144754,0.047261393,0.69352648,0.834909966,0.098428113,2.977475169
380,1.394970107,0.305698758,0.652036801,0.903993635,0.204763775,1.541761477
381,0.593213368,0.631303551,0.101670046,-0.071950769,0.816657721,0.780666251
382,1.194517867,0.634579758,0.717287906,0.276085843,1.64093749,2.775557562
383,0.912581934,0.985067218,0.601090421,-0.17313213,2.687200706,2.416168708
384,0.13266634,1.403387704,0.554656743,-0.915698964,2.762948502,0.204366927
385,0.428819023,0.555358975,-0.613416726,-0.132434564,0.475435685,0.310208576
386,0.798636212,0.77308436,0.311638313,0.058447301,0.9127568,1.002263647
387,0.998648001,0.74925901,0.564451826,0.023905577,2.196754739,2.592555798
388,0.738253931,1.323147978,0.649730662,-0.475145087,2.913171267,1.651634587
389,1.318336137,0.514763923,0.755727873,0.478865194,1.159874613,2.780703579
390,0.249044141,1.424729527,0.590287348,-0.869307125,2.861629832,0.412878818
391,0.952272589,0.842497445,0.505678583,-0.001576671,1.550555599,1.721805048
392,1.391713142,0.531913582,0.758561737,0.694367328,0.670893155,2.002625324
393,0.606456248,1.420877625,0.646257144,-0.748449312,2.352387989,0.838247293
394,0.116422417,1.388396885,0.5359334,-0.9396825,2.500476424,0.152312782
395,0.849275431,1.289993192,0.639460036,-0.446491788,2.285534122,1.450701097
396,1.125763312,0.078306742,0.338727245,0.671778661,0.039153644,1.16736937
397,1.237551463,0.601903327,0.739631602,0.341879931,1.477851177,2.76572919
398,0.87729373,1.335434118,0.645228072,-0.571145273,1.915497472,1.090088141
399,1.327229329,0.486245608,0.75721643,0.489424489,1.162552603,2.92914135
400,0.495312351,0.268706954,-0.757778526,0.250092163,0.190019953,0.265722523
401,0.921951497,1.076043016,0.605719083,-0.230204987,2.37238659,1.993124829
402,0.068373056,1.146605744,0.286540752,-0.721329823,1.420115397,0.036760474
403,0.411199605,1.291394441,0.438339204,-0.853624879,1.448147381,0.228357133
404,1.388784636,0.437799357,0.757617762,0.648551117,0.747119151,2.443868915
405,1.420851776,0.263807606,0.740798391,0.733348153,0.510358436,2.768708068
406,1.194015341,0.789750004,0.700728514,0.365312872,1.050327503,1.690905404
407,0.765691523,1.406580459,0.653274479,-0.736844248,1.941057365,0.836121968
408,0.424908595,1.170765918,0.314724566,-0.735445284,1.260280504,0.213640999
409,0.431973039,0.240468729,-0.757558804,0.218626786,0.183426119,0.227550265
410,0.686575383,0.318350438,-0.023793213,0.20218071,0.381488286,0.77646225
411,1.030954727,0.78436856,0.577941305,0.080208755,1.669537546,2.067755198
412,0.844702161,1.26922839,0.636373379,-0.399599193,2.450110366,1.63204508
413,0.975858614,0.927003627,0.573280197,-0.110418169,2.171823689,2.137905062
414,0.720499411,1.364218865,0.653394699,-0.575868054,2.557879859,1.270393243
415,0.481591354,1.19690141,0.343796834,-0.759875415,1.262651291,0.242346458
416,0.487346093,1.432478159,0.62261954,-0.844337528,2.278084655,0.596085506
417,0.836632403,1.416065965,0.652963804,-0.805268234,1.678751979,0.717465597
418,0.49882967,1.432262234,0.628220231,-0.823377206,2.349387818,0.64757837
419,1.223220896,0.728339837,0.721151541,0.376741356,1.121139302,1.928937495
420,0.867587397,0.931024976,0.407099475,-0.136056319,1.101606635,1.053293082
421,1.054156395,0.721959941,0.607158557,0.089706783,2.062451635,2.664869442
422,1.332021512,0.506482745,0.757116467,0.50916007,1.073709747,2.69186528
423,1.418882902,0.346138392,0.74594741,0.747267416,0.529596576,2.362935386
424,0.75222233,1.356832056,0.652467972,-0.567677166,2.427341428,1.251321282
425,0.573822456,1.33491385,0.492269304,-0.894160102,1.410151376,0.313981595
426,1.292168285,0.581027879,0.749703843,0.445692079,1.170464365,2.500306359
427,1.325523926,0.537011985,0.755726263,0.50525902,1.055253911,2.532045579
428,1.406165054,0.083724505,0.653850903,0.914898587,0.087495592,1.985622128
429,0.844298766,1.166642152,0.628979559,-0.312731944,2.798222652,2.059478921
430,1.423189361,0.002234809,0.677339064,0.861807461,0.004434153,2.888789976
431,0.074986699,0.85329341,-0.077531304,-0.439192626,1.00853979,0.069150437
432,1.31456509,0.536243474,0.754622542,0.47843519,1.133286317,2.643235637
433,0.727709232,0.293768653,-0.737894886,0.411246798,0.1506272,0.40399515
434,0.946627327,0.853868433,0.495611425,0.004153179,1.453643241,1.615021142
435,0.48052731,1.425024722,0.639862171,-0.736743779,2.93904101,0.89736946
436,1.163739575,0.733024638,0.683900259,0.266794843,1.347787159,2.081685991
437,1.12597098,0.677349451,0.663560299,0.179645499,1.891744842,2.783195173
438,0.661239959,1.396053626,0.653137687,-0.656589171,2.515496398,1.071710015
439,1.422430461,0.271605547,0.739768367,0.746621499,0.48921265,2.645728962
440,0.948659626,0.90654867,0.582887724,-0.110577189,2.488384161,2.444637098
441,0.939484305,1.050367018,0.502124101,-0.219784334,1.29435744,1.157625632
442,0.913933736,1.046145257,0.605518367,-0.212185564,2.510507011,2.149525344
443,1.194565042,0.819944102,0.691902394,0.397432551,0.966882577,1.555200858
444,0.190539077,1.27665132,0.41770362,-0.842926936,1.602244615,0.118801294
445,1.428017022,0.10357698,0.697042567,0.851583273,0.169761999,2.557059148
446,0.845840414,0.867415381,0.376299078,-0.04533179,1.064754921,1.09440137
447,0.064993041,0.855042763,-0.019332139,-0.439075215,1.056420127,0.065081856
448,0.921389338,0.871739469,0.589616795,-0.102527495,2.942672734,2.918754708
449,0.838926295,1.41275548,0.65343624,-0.792107164,1.693491077,0.736475688
450,1.398855429,0.100759702,0.64440083,0.909485893,0.0933953,1.861682665
451,1.414601303,0.019326477,0.662768053,0.902923109,0.027845457,2.37803332
452,1.413311196,0.00770941,0.659849928,0.904650636,0.011243359,2.395097037
453,0.99381365,0.887871285,0.512887493,0.15350696,1.0624606,1.307497149
454,0.914541943,1.234207871,0.622036741,-0.364250926,2.103245359,1.517645766
455,0.847775983,0.224861122,0.073186537,0.393666486,0.181623949,0.894021224
456,0.815348506,1.373905829,0.652717599,-0.646038828,1.98591624,0.992168142
457,0.523710282,1.431434321,0.632476289,-0.81183743,2.333870457,0.680183312
458,0.928618109,0.860527263,0.586346635,-0.093031636,2.875427334,2.892449839
459,1.229234578,0.622169252,0.736232599,0.334143443,1.448130634,2.635806135
460,1.270096529,0.571820195,0.747096764,0.394584004,1.353745349,2.766146311
461,1.154319738,0.834772513,0.662265878,0.336810121,1.016257558,1.531292525
462,1.412774882,0.329543309,0.748662494,0.708980196,0.595533067,2.61524387
463,0.91665973,1.030020877,0.603478695,-0.200611781,2.524533627,2.194473581
464,1.024781044,0.863711154,0.549966253,0.144530111,1.179224029,1.475152364
465,1.428938129,0.167861041,0.723703007,0.778489399,0.341265857,2.902888104
466,0.747022716,1.3414148,0.651261239,-0.523978059,2.619008418,1.412817033
467,0.529187556,1.208188963,0.357933144,-0.770025517,1.251896746,0.265754685
468,0.845106303,1.096895152,0.421079407,-0.545445018,1.070566491,0.713723307
469,1.327750865,0.160736847,0.560871797,0.850134115,0.095140514,1.445379444
470,0.926323472,1.08623957,0.605327892,-0.236122168,2.316302317,1.935608956
471,1.27474017,0.622502056,0.551598377,0.784440701,0.313406436,1.127598818
472,0.662066298,1.410241644,0.585394903,-0.967675898,1.544215031,0.422585287
473,0.058223422,0.275656825,-0.651880693,-0.023589847,0.301219637,0.046733757
474,0.79979294,1.335475526,0.648969265,-0.531301188,2.310158732,1.289740276
475,0.475341277,1.137724331,0.284919679,-0.700923688,1.191587726,0.250083582
476,0.551891087,1.431265073,0.63394999,-0.816613825,2.236730637,0.674180618
477,0.607192787,0.766702344,0.136538572,-0.295555964,0.878100976,0.674265984
478,1.391051069,0.748075299,0.690794982,0.892842965,0.376497702,1.194172391
479,0.366678126,1.428333353,0.602298182,-0.872387094,2.436447801,0.481808937
480,1.241924023,0.59345053,0.741103106,0.346981365,1.482647854,2.813463615
481,1.300638581,0.577756841,0.7510706,0.463391906,1.125346759,2.458379153
482,0.850949481,1.192025342,0.629599555,-0.329879164,2.657251939,1.923167593
483,1.162668427,0.89555718,0.625074572,0.508290569,0.747828658,1.204143616
484,0.686059503,1.377095133,0.653947415,-0.601461355,2.632021376,1.22857533
485,0.729118625,1.336613729,0.651274303,-0.504659214,2.82608726,1.536347195
486,0.397073571,0.503614808,-0.622798887,-0.089150439,0.44464699,0.294204132
487,0.06227072,0.607715186,-0.609899917,-0.266526554,0.522733805,0.033304098
488,1.026972619,0.803982361,0.570203236,0.085163339,1.547510806,1.906723522
489,0.32628681,1.424660745,0.593073177,-0.885302886,2.456324843,0.429668843
490,0.681686016,1.388502763,0.653763336,-0.637248987,2.502724998,1.114542055
491,1.205879817,0.776171321,0.707358915,0.377073577,1.052412226,1.733394032
492,0.88251401,1.372116771,0.650791595,-0.675536248,1.755848337,0.902040887
493,0.860370389,1.259652507,0.495380395,-0.819145802,1.121397108,0.548921308
494,0.936820611,0.872997199,0.451751276,0.139064928,0.98068443,1.16908684
495,0.968613013,0.831796561,0.532507669,-0.018517964,1.804866268,1.985921172
496,1.200419447,0.897285249,0.628022474,0.614353581,0.661112198,1.15793389
497,0.857594868,1.116933132,0.623389142,-0.275181687,2.844881092,2.205549504
498,0.522414697,1.418578012,0.645090574,-0.709159412,2.911180383,0.981956029
499,0.957181806,1.083153445,0.595185445,-0.224787657,2.09129216,1.789944299
500,0.740829539,1.330833457,0.650420391,-0.494754815,2.791518872,1.549832384
501,1.300673793,0.516652786,0.753894339,0.438873161,1.302422847,2.978664413
502,0.51313864,1.432270765,0.621461778,-0.858969872,2.151050308,0.572721552
503,1.427063996,0.183692409,0.729048404,0.758726843,0.393294922,2.994394352
504,0.334185147,1.43221151,0.614118744,-0.818474125,2.993892723,0.607320066
505,0.910387606,0.969434248,0.600502261,-0.164236385,2.75942009,2.508989047
506,0.320531597,1.43087658,0.607549373,-0.839084554,2.860290654,0.540247578
507,0.995229443,0.81167284,0.545557695,0.042938108,1.620321478,1.905460644
508,0.978331489,0.994556747,0.55957244,-0.138345121,1.790904252,1.711543775
509,0.848143312,1.283142305,0.638406261,-0.430844731,2.334333645,1.505811682
510,0.731416454,1.41424881,0.651524789,-0.756638045,1.980115127,0.804294471
511,0.515458068,1.432527029,0.625324419,-0.844020984,2.210689701,0.605229527
512,0.983715596,1.212593853,0.591496088,-0.41670186,1.529878082,1.120109575
513,0.9781024,0.929435698,0.556129206,-0.095125452,1.887240062,1.894887384
514,0.963307553,0.784487354,0.566631803,-0.033629462,2.602702426,2.851456132
515,0.509871294,1.432323353,0.628211395,-0.828244388,2.295950591,0.638920186
516,1.419202511,0.854698319,0.758386846,0.913636962,0.481447878,1.236660361
517,0.883670546,1.179760815,0.477882674,-0.646622406,1.110616481,0.681371072
518,1.328140722,0.715290059,0.7469632,0.601951269,0.788944162,1.698486616
519,1.429576733,0.818565866,0.755714787,0.925568442,0.449486856,1.249189227
520,0.555506662,1.412220484,0.648352558,-0.687333708,2.875376023,1.043534691
521,0.974150732,1.417130951,0.653674041,-0.884680977,1.363079146,0.624638875
522,1.430107477,0.111427928,0.708288108,0.815648593,0.217585631,2.846526803
523,0.839061871,1.280280419,0.638652273,-0.420363674,2.42122124,1.570439535
524,0.949773554,0.923575885,0.583895607,-0.120396623,2.437914483,2.364106034
525,0.836083466,1.208525496,0.63291887,-0.344724151,2.727272146,1.924041377
526,0.73479912,1.354211044,0.652580255,-0.553261436,2.570860348,1.327227961
527,1.42129183,0.261884404,0.740331049,0.735664475,0.504368277,2.762107638
528,0.801112942,1.326593896,0.647787159,-0.509505628,2.367110979,1.354879867
529,1.257118959,0.58429275,0.744254333,0.373156821,1.404282633,2.766886749
530,0.388754796,1.4320645,0.615271115,-0.835723796,2.621981391,0.581665285
531,0.962071512,0.821396086,0.570276443,-0.054575994,2.526910953,2.684086588
532,0.905127325,0.924297455,0.598556461,-0.139235763,2.982878293,2.803176091
533,1.316866834,0.584987872,0.752902546,0.504762142,1.014787953,2.296119491
534,0.38870816,0.807216414,-0.628744668,-0.400494405,0.610377348,0.194597762
535,1.411868819,0.030730391,0.659130871,0.913253594,0.040384854,2.255700042
536,0.94586394,1.032221604,0.594600931,-0.192310725,2.259959555,2.001242032
537,1.094070719,0.630196844,0.393821928,0.60107267,0.371491187,0.999135589
538,0.478857811,0.843959375,0.067992009,-0.401466246,0.920238524,0.461233103
539,1.406536919,0.764670763,0.758687207,0.844776704,0.535037898,1.395595097
540,1.155071485,0.762802559,0.67343889,0.269820871,1.265000509,1.913150399
541,0.985744173,1.247270304,0.612074605,-0.445818653,1.664991066,1.158041886
542,0.045999834,1.368824295,0.512162064,-0.931466404,2.474168681,0.0588869
543,0.833489484,1.370580023,0.652020951,-0.644861492,1.933725055,0.982858781
544,1.067608849,0.727043006,0.6153467,0.110053779,1.915589897,2.526550217
545,0.839353189,1.130762481,0.627450888,-0.28876829,2.98186445,2.254086749
546,1.140279782,0.695337406,0.671289103,0.208662995,1.662219654,2.491854544
547,0.93134779,1.320483514,0.638081515,-0.568238934,1.743552026,1.038016394
548,0.10146666,1.390889701,0.538455333,-0.933868071,2.621119841,0.143215939
549,0.444827474,1.426998389,0.602376052,-0.895656566,2.120335631,0.470401995
550,1.329536809,0.789076169,0.739709673,0.658222567,0.709475199,1.485098045
551,1.429072419,0.495155763,0.740436295,0.867151638,0.426840998,1.691256856
552,0.184257898,1.398429822,0.550013176,-0.93318472,2.403801873,0.227456038
553,0.975329967,0.90897389,0.571900882,-0.099310532,2.205302155,2.201880056
554,1.229089808,0.613587475,0.737077926,0.330441972,1.487744949,2.719381933
555,0.916501433,1.245041817,0.623956262,-0.387356191,2.049366188,1.445218123
556,0.58322041,1.403236167,0.651058264,-0.657312583,2.908945854,1.136028319
557,1.430225474,0.304907858,0.723206932,0.852381802,0.347527255,2.030182681
558,0.860052477,1.308486591,0.64177162,-0.494586932,2.119491671,1.288170137
559,0.979377854,1.253291496,0.590634099,-0.55394886,1.3640365,0.903928087
560,0.964629953,0.943328623,0.53029408,-0.083693671,1.603401334,1.628581984
561,1.031584229,0.754835126,0.585160829,0.068959309,1.907617872,2.367994063
562,0.714176346,0.494597391,0.136947243,0.207525914,0.54684445,0.818338993
563,0.922884988,1.020897317,0.47876299,-0.199884404,1.234682983,1.124282498
564,0.799737871,0.048187266,-0.085421873,0.383222096,0.049590662,0.837351054
565,1.195578339,0.891087249,0.649085274,0.540659091,0.740272581,1.236193993
566,0.19634764,0.95526438,0.095155132,-0.530829458,1.125788297,0.114691714
567,0.512413242,1.427335654,0.638743872,-0.76400762,2.615842887,0.804868961
568,1.389925657,0.010728488,0.626749491,0.904123153,0.010978019,1.966824633
569,0.962530245,0.901786353,0.576938556,-0.101199764,2.347617961,2.337212996
570,1.325905942,0.554313418,0.755201821,0.513466288,1.018843172,2.41394426
571,0.511440689,1.43241341,0.627502963,-0.832364382,2.272849389,0.629935173
572,1.250370255,0.802859383,0.713771382,0.493952075,0.873732635,1.553243433
573,0.523383337,1.419034496,0.644899699,-0.711999717,2.886634034,0.971124942
574,1.415109437,0.276294858,0.745277127,0.703361112,0.583579254,2.917822084
575,1.425092232,0.240037961,0.697425312,0.901954254,0.244135616,1.93155074
576,0.738861428,0.398570583,-0.516936727,0.31295593,0.291301509,0.544188429
577,1.420762964,0.080916057,0.677980006,0.892592508,0.110309823,2.299200883
578,0.939650299,0.923924287,0.490972014,-0.047476118,1.387493589,1.455270657
579,1.427281688,0.179826678,0.699608979,0.875983729,0.225056176,2.174403079
580,0.864238823,1.094045531,0.620563651,-0.258096794,2.857806998,2.26943854
581,0.97068136,0.806681077,0.530120473,0.006055391,1.770500962,2.005964231
582,0.367529752,1.390592595,0.546368281,-0.949362479,1.84899783,0.296828203
583,0.97415291,1.047782527,0.553110995,-0.171442628,1.635229248,1.513157671
584,0.239678316,0.858446198,-0.042907251,-0.427282503,0.969529323,0.222446819
585,0.194030945,1.169932825,0.309527085,-0.740407907,1.382194736,0.102142291
586,0.964392833,1.078652002,0.537986342,-0.204917634,1.467925365,1.321966605
587,0.504952485,0.755435595,-0.581903168,-0.323233471,0.594401834,0.319409842
588,0.914791559,0.986083499,0.600537991,-0.172986098,2.659889915,2.393336339
589,1.216199178,0.744041643,0.716693336,0.373210288,1.104415218,1.866911499
590,0.763295216,0.019422162,-0.545289119,0.439010652,0.010434447,0.528508757
591,0.412006421,1.431570419,0.613715817,-0.850492013,2.449083058,0.55444988
592,1.42651329,0.240678655,0.733184632,0.770655571,0.423036343,2.62247773
593,0.974582166,1.096978956,0.556588809,-0.211301257,1.589852487,1.414950403
594,0.886677882,1.232870404,0.62637489,-0.355266002,2.296754983,1.647232349
595,0.121750443,1.39734356,0.54678332,-0.925967825,2.663785507,0.176699233
596,0.779132923,1.323452258,0.648301052,-0.492181768,2.549233669,1.462632468
597,0.828230758,1.355536092,0.650445133,-0.598741176,2.035618121,1.081701314
598,0.981654347,0.884110354,0.563339134,-0.077093825,2.119386463,2.177611981
599,1.124715037,0.69212738,0.660641472,0.182782599,1.789103681,2.614367226
600,0.818314032,1.235068745,0.6369047,-0.36745293,2.783260249,1.89222932
601,0.871931073,1.167261541,0.624261385,-0.307617739,2.559008518,1.921530449
602,0.97755744,0.914510337,0.554225223,-0.084734968,1.896134015,1.927736525
603,0.504501558,1.430200855,0.612635406,-0.885731271,2.054019275,0.515368807
604,0.457430299,1.417168799,0.585553736,-0.932555775,1.917077741,0.40419721
605,0.217599504,1.360687897,0.507108621,-0.922143872,1.915402229,0.182209968
606,0.978879332,1.319192076,0.605807083,-0.731171864,1.271179001,0.728005795
607,0.736964258,1.367817167,0.653404528,-0.593044325,2.413439947,1.192658641
608,0.006179861,1.369827703,0.512452731,-0.932874412,2.6907002,0.009063552
609,1.306030558,0.521645109,0.75426452,0.452841255,1.239827964,2.86240996
610,0.839740569,1.426418225,0.649736337,-0.858522925,1.597760264,0.643153862
611,0.705118335,1.424570172,0.609703258,-0.948167242,1.576883357,0.476356957
612,1.190748946,0.78501498,0.699190598,0.354651292,1.073134388,1.718937129
613,0.781301014,1.419073718,0.651263854,-0.797828092,1.790384835,0.729223447
614,0.968790742,1.185068972,0.601180995,-0.304950641,1.886815193,1.489670731
615,0.874140014,1.405202468,0.653943019,-0.778617151,1.6471725,0.75275825
616,1.396627151,0.35914179,0.754689782,0.64906237,0.742657149,2.815854023
617,1.426216824,0.463344221,0.744223441,0.830848822,0.458223869,1.821441691
618,0.960688072,0.788823548,0.568154792,-0.037455245,2.628772119,2.864814042
619,1.008775424,0.75986431,0.568621693,0.039814571,2.00649321,2.403574625
620,0.714625334,1.393459912,0.567433549,-0.950994987,1.426609421,0.406773028
621,0.462992629,1.432496959,0.624550282,-0.825759683,2.441913506,0.632468302
622,1.425548479,0.074967524,0.688022696,0.865380884,0.121209467,2.540693945
623,0.531155073,1.430662572,0.634605123,-0.802702733,2.35442692,0.703284511
624,0.870493045,1.371767284,0.651142606,-0.667795549,1.796447895,0.920601889
625,0.975473817,0.904649112,0.549178986,-0.074471974,1.853497262,1.907223998
626,1.429734708,0.275121893,0.7151631,0.867591741,0.308690193,2.023684375
627,0.246500903,1.334540764,0.479368773,-0.897162899,1.734788845,0.174870368
628,1.066016235,0.751147275,0.609692139,0.116726359,1.733361516,2.271878383
629,1.009701407,0.894277544,0.520524042,0.218598333,0.965563306,1.237277056
630,0.409848006,1.038850326,0.18670523,-0.602321709,1.101781705,0.260857872
631,0.768120762,1.321656179,0.648517614,-0.483280034,2.654993576,1.525869556
632,0.278420223,0.515085261,-0.653614242,-0.144389386,0.438584848,0.182292045
633,1.43006428,0.326856395,0.727235565,0.846520278,0.368731826,2.010868033
634,0.439610552,0.926714365,0.101388944,-0.48545183,0.984457885,0.366844425
635,1.34160776,0.483789884,0.758161761,0.524920361,1.047504772,2.757988103
636,0.900980371,1.166987749,0.618323604,-0.301431747,2.340516824,1.79534657
637,1.327231071,0.601352695,0.601008463,0.836410475,0.301307691,1.187294426
638,1.412183078,0.110709013,0.664861711,0.918727344,0.118244464,2.006198769
639,0.843091306,1.161277515,0.441137368,-0.673293846,1.082506641,0.630641858
640,1.430207338,0.25783352,0.719051623,0.846941727,0.322530751,2.151321935
641,0.058953184,0.385225119,-0.646661854,-0.098575363,0.369113954,0.041423041
642,0.483320759,0.745092912,-0.271347092,-0.302540499,0.736118211,0.431303969
643,0.870642107,1.247774443,0.630287964,-0.369600621,2.365473877,1.654734566
644,1.214470227,0.681501664,0.72628478,0.332831623,1.303600625,2.243682878
645,1.271868103,0.554848695,0.748440306,0.391692898,1.406280614,2.918212246
646,0.965510288,1.268637751,0.621479107,-0.473879182,1.719358057,1.148884768
647,0.021146603,0.605930173,-0.599988252,-0.269993637,0.529102204,0.01120958
648,1.430068302,0.198583891,0.720007124,0.81411294,0.318209249,2.498019644
649,0.82083373,1.300135604,0.643032261,-0.455796663,2.422638002,1.492549157
650,0.465253083,0.438236765,-0.567326528,0.029511435,0.423331391,0.390360542
651,0.570875012,1.407524361,0.649942882,-0.671164938,2.892612231,1.093156754
652,1.314411598,0.550391911,0.754066139,0.48387765,1.100704832,2.538177592
653,0.166893818,1.408164218,0.56199086,-0.910603619,2.706478865,0.249757215
654,0.795042152,0.359758022,-0.707440198,0.439132621,0.182270431,0.462689715
655,1.389040531,0.552652253,0.758845634,0.693399715,0.674614708,1.95304718
656,0.442932599,0.480453799,-0.574456577,-0.045613478,0.453889171,0.365995204
657,0.975661854,0.803501433,0.53450304,0.011379773,1.775846615,2.026059007
658,0.930504892,0.846193528,0.584570737,-0.084198983,2.897104358,2.952256743
659,0.523259215,1.422321928,0.643097788,-0.731410781,2.761984638,0.904167283
660,0.914490166,0.96598365,0.599055565,-0.160620543,2.721828221,2.488887566
661,1.405027061,0.14188851,0.655813333,0.913512325,0.129712734,1.843873386
662,0.892779392,1.358746581,0.648311319,-0.643109399,1.769735833,0.948159282
663,0.260587181,1.414863276,0.574585949,-0.908974997,2.44237494,0.334699565
664,0.828051386,1.25055722,0.636621846,-0.377862563,2.653514082,1.792891343
665,1.205214076,0.717587076,0.510992918,0.708855191,0.38731925,1.056142817
666,1.428739485,0.19954087,0.726190046,0.784911267,0.363334338,2.697585207
667,0.656358482,0.351473758,-0.758444749,0.342485559,0.20583691,0.359577692
668,0.50130955,0.647434798,-0.515093204,-0.207158954,0.567253649,0.387811415
669,1.425682821,0.262957129,0.73560211,0.769592741,0.441544406,2.541071837
670,1.100147809,0.892819274,0.573026244,0.461221954,0.743831619,1.136677397
671,1.14786773,0.857982409,0.652652535,0.360283157,0.949656786,1.425451857
672,0.732976592,0.785468788,0.254761583,-0.111987555,0.926937006,0.881698979
673,1.026506103,0.731919366,0.586702596,0.055441694,2.177099801,2.688236608
674,0.92014772,0.87154396,0.59000103,-0.102958429,2.962041724,2.935934159
675,0.804480615,1.391010359,0.653864803,-0.696019232,1.922957433,0.90075531
676,0.966474992,1.258279454,0.574759604,-0.627691653,1.257133962,0.794808337
677,0.868594577,1.113019483,0.621040183,-0.269887207,2.749693838,2.1561566
678,1.015305144,0.722200985,0.581438428,0.03901152,2.399574651,2.915433987
679,0.800498889,0.652641471,0.290085736,0.291907406,0.67388106,0.896066949
680,0.707157458,0.054524395,-0.646448188,0.425264647,0.027264946,0.438481534
681,0.579756872,1.415950276,0.647684738,-0.713365768,2.609720965,0.942894246
682,0.138561802,1.232098954,0.371833848,-0.801406313,1.536584278,0.081378901
683,1.05812394,0.719819931,0.61023653,0.094537903,2.052741177,2.670268202
684,0.649552304,0.767791202,0.174401383,-0.232213197,0.886530106,0.738884189
685,0.801256997,0.032468613,-0.145133456,0.39546687,0.031131587,0.802728952
686,0.882540126,1.226121304,0.626626756,-0.350535897,2.337761939,1.681493422
687,1.320793814,0.545666884,0.754951364,0.497253446,1.068704002,2.514802299
688,0.850906254,1.16097025,0.627528572,-0.307356876,2.757268068,2.049322655
689,1.134849051,0.77557185,0.655986096,0.242536528,1.288539105,1.880983359
690,0.061807757,1.336868152,0.478322819,-0.901739425,2.070144288,0.05846789
691,1.359615671,0.467103659,0.758928817,0.567762176,0.935569502,2.651846848
692,0.898172374,0.987671035,0.605206374,-0.179742083,2.845916744,2.527691838
693,0.131840248,1.378301054,0.524693894,-0.939324557,2.286194707,0.148608169
694,1.41874535,0.389138709,0.747757195,0.759941396,0.527616569,2.184826102
695,1.419549203,0.248866058,0.741111738,0.720071259,0.528934849,2.946776334
696,0.403903605,1.427054357,0.600872957,-0.887712388,2.247893498,0.467311591
697,1.032928286,0.743795677,0.588463289,0.067238244,2.00272983,2.494105375
698,1.348060814,0.627572222,0.755274604,0.604710969,0.806728662,1.925356975
699,0.800748767,1.345986949,0.650198928,-0.559313419,2.230314068,1.208637987
700,1.307542809,0.86567806,0.652376274,0.802938678,0.478955534,1.109680927
701,0.366638071,1.431598307,0.612085058,-0.83962857,2.672466652,0.561850447
702,0.470881184,1.42878392,0.607493345,-0.889890683,2.09850949,0.493495458
703,1.391999414,0.580066854,0.758884058,0.714537123,0.647356182,1.848870251
704,0.359593669,1.43137964,0.610904378,-0.84141171,2.684533265,0.553875467
705,1.158208544,0.679457796,0.686191102,0.231696021,1.640475089,2.550400008
706,0.473607341,0.678075122,-0.017886857,-0.240822674,0.820267228,0.565623608
707,0.523544724,1.417820306,0.64546835,-0.705370288,2.931184568,0.995444813
708,0.23200411,1.336227511,0.480836711,-0.898929939,1.761586715,0.168570827
709,0.721163532,1.382862051,0.653946852,-0.633522834,2.346953414,1.090922217
710,1.409639085,0.445366672,0.753775535,0.732822837,0.591769819,2.124802262
711,0.871245074,1.164624908,0.624200045,-0.305829959,2.571808879,1.934508732
712,0.721932916,1.333715577,0.651198239,-0.494696872,2.93391574,1.604381136
713,1.305893481,0.534097257,0.753756801,0.457382122,1.203586849,2.750317776
714,0.940462498,0.860846765,0.582188346,-0.087728577,2.707980882,2.745341662
715,0.845923074,1.340518582,0.647709271,-0.567082757,2.033447921,1.133472694
716,1.42993398,0.220860411,0.713429155,0.850577294,0.289405043,2.219205324
717,1.408295098,0.120069305,0.659357797,0.916022623,0.119086342,1.927464937
718,0.813969278,0.271259526,0.060255705,0.348610716,0.251465506,0.862490604
719,0.616149873,1.145768712,0.320363584,-0.703870892,1.108996235,0.380310573
720,0.439951959,1.430634215,0.611380075,-0.868403495,2.272081673,0.525344279
721,0.91642842,1.132985745,0.611886981,-0.272573847,2.299042174,1.834995561
722,0.505130892,0.812488616,-0.552926472,-0.38017152,0.640178065,0.309393105
723,0.968989527,0.802501228,0.565558739,-0.040200929,2.480895672,2.688481397
724,1.137997778,0.657300582,0.674570406,0.191666291,1.954362751,2.956433596
725,1.145979505,0.692394424,0.67577313,0.216746338,1.64351382,2.49040066
726,0.95805224,1.116723,0.535290416,-0.311931558,1.348536276,1.110313947
727,1.117915062,0.677337246,0.657970348,0.16748185,1.958557431,2.842251245
728,1.426077597,0.106141109,0.691492373,0.868989234,0.157410617,2.409857719
729,1.016965606,0.653126872,0.365749704,0.515020768,0.465001975,0.959615644
730,0.642095347,1.427906978,0.642334715,-0.806367823,2.055502081,0.707804955
731,1.349496413,0.293162759,0.594723776,0.865824562,0.167767646,1.401804557
732,1.266943702,0.617007088,0.743256717,0.407016464,1.224793354,2.417526774
733,1.429185668,0.213422676,0.72557287,0.796252902,0.358106133,2.561817668
734,0.580489083,1.408511311,0.649910182,-0.678627603,2.794717347,1.05804212
735,0.612878781,0.977248249,0.213012214,-0.535579417,0.982438254,0.503795086
736,0.845893449,1.231602715,0.632996964,-0.360577093,2.578006768,1.795714285
737,1.416252044,0.390852898,0.749255084,0.746839506,0.549803297,2.227823226
738,1.217231045,0.682354947,0.726744793,0.338548953,1.286671951,2.225407138
739,1.259503959,0.81733781,0.712995711,0.528761466,0.826085379,1.491151342
740,0.956700144,0.975275684,0.518833452,-0.099570287,1.487255588,1.484034577
741,1.26588164,0.668063469,0.738411578,0.429782749,1.096506233,2.102404746
742,1.288620404,0.823644898,0.720833928,0.59854496,0.754801353,1.439322144
743,1.118587013,0.680469714,0.657993196,0.169473698,1.926358159,2.795904581
744,1.209070496,0.606048758,0.73043734,0.291261693,1.690313055,2.981713273
745,0.979682765,0.790550731,0.554424509,-0.021371117,2.255924025,2.501630027
746,0.917985041,1.220236875,0.618825159,-0.340077516,2.130797555,1.580371033
747,0.16229937,1.386456991,0.534918789,-0.946632289,2.294339525,0.184638831
748,0.951594008,1.020179533,0.591535048,-0.182051798,2.233470596,2.005216372
749,0.799457488,1.406579784,0.653603486,-0.750574279,1.837291736,0.805609873
750,1.429091113,0.091633184,0.700355073,0.834750544,0.169517128,2.755707437
751,0.173256729,1.023575402,0.163651401,-0.599406392,1.209989839,0.086628973
752,0.808657782,1.286370403,0.641758369,-0.420085866,2.631326106,1.673177894
753,0.571767656,1.432008357,0.632248308,-0.835106786,2.117169437,0.638337135
754,0.979082427,0.97759563,0.560585549,-0.128226371,1.837682718,1.775423904
755,0.609556247,1.428703721,0.613250781,-0.916023579,1.780150818,0.497845099
756,0.948085693,0.147374021,0.158361973,0.503898497,0.079237871,0.990696133
757,1.262902238,0.618296703,0.742462327,0.399165025,1.244976029,2.434322866
758,1.201689406,0.663271408,0.719943654,0.300435412,1.446820498,2.449172873
759,0.508096393,0.723532502,-0.460008461,-0.282788514,0.633968448,0.386989932
760,0.971756851,0.913718439,0.541974015,-0.073590169,1.754377021,1.805277475
761,1.415542698,0.310257533,0.746489499,0.716971194,0.570330615,2.655258277
762,0.983735239,0.991257002,0.574169355,-0.148222951,1.993598713,1.876673944
763,0.703335618,0.418712185,0.076334251,0.203571859,0.472882006,0.802722162
764,0.505069923,1.430386082,0.613210402,-0.884199945,2.05949278,0.518615595
765,0.986162642,1.233690295,0.602130767,-0.442957104,1.572352162,1.114075155
766,0.726178407,0.726152311,0.240503464,0.002061328,0.903517695,0.944247311
767,1.101977309,0.730548171,0.638755635,0.162522021,1.67192191,2.32964537
768,1.353751237,0.452810498,0.7588895,0.545793998,1.008731442,2.8476586
769,0.822384487,1.247128396,0.637121316,-0.376028406,2.708375613,1.827507475
770,1.129534292,0.715155179,0.660857257,0.199559678,1.60855893,2.354522053
771,0.025780018,0.104873474,-0.758374426,0.11575986,0.116894185,0.013245668
772,0.461918366,1.431474673,0.615259297,-0.862956648,2.248299335,0.546060233
773,1.428935326,0.273977045,0.729746875,0.808985429,0.386541858,2.293100453
774,0.016263926,1.23293121,0.372459282,-0.804908049,1.651699721,0.010543613
775,0.178650301,0.858953447,-0.151586293,-0.43812546,0.929110231,0.146756061
776,0.529029668,1.432455321,0.627696191,-0.838914824,2.200444866,0.620022444
777,0.862013235,1.230290728,0.630447176,-0.357052331,2.465828965,1.740531684
778,1.411388192,0.3114508,0.748584002,0.696062485,0.616523751,2.777685241
779,0.879245917,1.313339716,0.641211501,-0.516930057,1.996040421,1.202250611
780,1.086970862,0.733201326,0.62769088,0.140672251,1.741916986,2.367481173
781,1.367444079,0.432377309,0.758853372,0.577556722,0.925375272,2.802117145
782,0.38715253,1.397915934,0.556212532,-0.956261709,1.868658113,0.320100035
783,0.915637689,1.244941337,0.624057251,-0.386622987,2.055297045,1.449754715
784,1.196974046,0.690882288,0.713793911,0.304695175,1.358181121,2.254565079
785,1.295821744,0.596099593,0.749349751,0.460517299,1.110902452,2.370008191
786,1.295823734,0.575666027,0.750519659,0.451577682,1.161056402,2.510845515
787,1.132111711,0.704645152,0.6641741,0.199270362,1.656426859,2.442105322
788,0.503751178,0.567438195,-0.147796134,-0.138956338,0.698004744,0.613532676
789,0.773844039,0.774224475,0.292865673,0.000923681,0.955843881,1.006632279
790,0.586413277,0.182925956,-0.74782076,0.339158586,0.109337954,0.309602045
791,1.071588149,0.763977342,0.611127145,0.13094267,1.615436072,2.133006233
792,0.955970816,1.089249952,0.528215463,-0.256152264,1.365761162,1.179612362
793,0.931551083,0.842225981,0.583893732,-0.081521986,2.895129762,2.96190332
794,0.751872147,0.738737257,0.264484098,0.030874875,0.896612421,0.959241265
795,1.087308155,0.876562865,0.596177517,0.286266758,0.980067569,1.357970962
796,0.172965476,0.477544214,-0.651257233,-0.141065733,0.420495049,0.112282134
797,0.293912525,0.171539882,-0.758512396,0.179268989,0.149933326,0.149098707
798,1.06577552,0.888233283,0.560507303,0.394493891,0.7888202,1.141984784
799,1.420872091,0.019498559,0.673926994,0.878537153,0.033041114,2.618333293
800,0.57665828,1.423120746,0.644156621,-0.752741294,2.434770552,0.830973386
801,0.377706502,1.432358488,0.623003636,-0.795779128,2.989226883,0.694354631
802,0.555623303,1.149080033,0.307866594,-0.709029744,1.148077559,0.320126081
803,1.30387528,0.60004643,0.750317573,0.480805647,1.057008167,2.292809055
804,0.768598775,1.33255597,0.649735427,-0.510229648,2.544557317,1.418809712
805,0.996724457,0.768722972,0.558384092,0.026659947,1.994144094,2.344309345
806,0.92901163,1.011586657,0.598341542,-0.184339121,2.450742725,2.181384084
807,0.931651224,1.224281813,0.617314209,-0.354966864,2.022754784,1.487980142
808,0.725032223,0.885215225,0.265137619,-0.330349426,0.953245367,0.743534943
809,0.916171198,0.891003019,0.592752455,-0.115641851,2.948954188,2.869208345
810,0.884071563,0.908873582,0.421187135,-0.050267935,1.149162479,1.185508073
811,1.21986111,0.600442486,0.736822717,0.308513515,1.628992568,2.944078186
812,1.166530219,0.884807644,0.645310831,0.461354962,0.811758003,1.280934381
813,0.878111468,1.254212239,0.630504163,-0.384746656,2.275706436,1.57275538
814,0.691292276,1.166228705,0.360870761,-0.723629935,1.09495109,0.43907248
815,0.198797472,1.392742877,0.543469271,-0.943857822,2.262845204,0.221922492
816,0.826684765,0.646514299,0.291840318,0.318013279,0.63798613,0.899091662
817,1.427851295,0.21818356,0.729460437,0.778463619,0.39100724,2.663730208
818,0.591500905,0.440325669,-0.521544899,0.144805506,0.390354963,0.474404525
819,0.435336639,0.830818225,-0.63543168,-0.41780082,0.616878669,0.217686916
820,1.327701863,0.603042227,0.753546616,0.53984299,0.928582608,2.133589107
821,1.244802212,0.670891873,0.733876112,0.387217742,1.187323924,2.177532544
822,1.35678726,0.459496818,0.758913405,0.556811812,0.970708047,2.747860129
823,0.724244591,0.295977822,-0.098781,0.254395197,0.319705863,0.756684208
824,0.935001371,0.817177042,0.43530371,0.262426937,0.81402754,1.049422408
825,1.106693669,0.752844945,0.638498839,0.180609358,1.51359399,2.116810745
826,0.913364661,0.920421016,0.595865105,-0.133754098,2.883061003,2.733539066
827,1.414807098,0.024297456,0.663454508,0.903254189,0.034578922,2.360979582
828,0.272319547,1.281122502,0.423740804,-0.845830666,1.538584555,0.161330267
829,1.40960184,0.446505323,0.682801837,0.914059965,0.282070881,1.466263304
830,0.399149405,0.484712385,-0.617347214,-0.067978167,0.43724379,0.304078405
831,1.074513148,0.742548348,0.617274905,0.125793325,1.747876176,2.32483322
832,0.956979088,1.236719736,0.558939231,-0.607333801,1.231849686,0.795503654
833,1.006526773,0.728342647,0.574408758,0.029306777,2.399195929,2.87261277
834,1.424342969,0.35275658,0.702538653,0.923990955,0.288838504,1.700745059
835,0.97898542,0.787885585,0.559446487,-0.026167437,2.383230567,2.631091353
836,0.958573517,0.973636273,0.584816088,-0.148280366,2.253689263,2.111410056
837,0.956457246,0.858802994,0.575804163,-0.078751502,2.508568458,2.575160219
838,0.886292324,1.303752239,0.638888842,-0.498136047,1.999406951,1.233933807
839,0.826091391,1.087981846,0.403118567,-0.559224962,1.056693574,0.688541016
840,1.303200801,0.553444173,0.752602055,0.459008859,1.1698383,2.61650877
841,0.577952362,1.406191815,0.650380814,-0.667798554,2.873613339,1.100107611
842,0.499434826,0.423721534,-0.653811984,0.116126459,0.358448934,0.354333571
843,1.300863114,0.432378813,0.552197428,0.817733878,0.219314133,1.232790883
844,1.286968191,0.552719391,0.750579439,0.422661317,1.291716953,2.779682001
845,0.533282931,1.425953567,0.640740406,-0.759186122,2.561249352,0.817484398
846,0.907062164,1.198989434,0.502820987,-0.64371739,1.135064469,0.705284685
847,0.951356298,0.842286886,0.504267067,-0.00036729,1.541024187,1.712663203
848,0.966694302,1.090566441,0.542993596,-0.222310664,1.476202725,1.307186239
849,0.495795375,0.837322447,-0.556331104,-0.407367638,0.653644591,0.290793789
850,0.784201909,1.37765083,0.653433663,-0.643268697,2.090279256,1.018703943
851,0.97896319,1.05286297,0.563850808,-0.18131713,1.725385033,1.575342547
852,0.795962697,0.224330716,-0.375847295,0.386362678,0.165362862,0.648255577
853,0.431101451,1.426914122,0.601647978,-0.893581053,2.157985974,0.468251316
854,1.103745491,0.754378082,0.636088345,0.176645168,1.518965933,2.113715912
855,1.424920248,0.193727055,0.694168701,0.894457572,0.217264761,2.045333588
856,0.929319325,0.884232603,0.587980433,-0.106139177,2.787305404,2.751630453
857,0.205360558,1.34364868,0.488208235,-0.906242908,1.83679794,0.159710045
858,1.426408509,0.21627254,0.732027105,0.762145445,0.417995233,2.791700804
859,0.986428472,0.786612295,0.546725965,0.019049349,1.877855265,2.173974926
860,1.238854897,0.581986054,0.741600679,0.336877821,1.564330397,2.969756705
861,0.950330173,0.808824775,0.574159778,-0.053922825,2.722607188,2.898823174
862,1.162859007,0.696122119,0.687634868,0.246565481,1.520473827,2.369855337
863,0.649339944,1.424525388,0.645352872,-0.784164256,2.105849436,0.753630287
864,1.123783238,0.821668503,0.639553202,0.263293963,1.139332422,1.632350412
865,0.415786711,0.823143974,-0.630777229,-0.41249464,0.616395869,0.207916843
866,0.981833425,0.857481957,0.562800213,-0.06291973,2.195611604,2.299328551
867,0.181304566,1.373494037,0.520505992,-0.934445886,2.09250674,0.1763677
868,0.420193252,1.432076174,0.616549611,-0.842817113,2.472141564,0.576261875
869,0.546096083,1.417214667,0.646331739,-0.709204792,2.788004111,0.970558319
870,1.270129923,0.568750003,0.747306062,0.393449527,1.365128462,2.7952757
871,0.370489605,1.432526802,0.61969596,-0.80891014,2.907644614,0.650661287
872,1.389166484,0.573244174,0.758928447,0.702177225,0.663868857,1.886936715
873,0.502422924,0.499947983,-0.016010481,-0.016010481,0.729461996,0.737704332
874,1.30794802,0.537336816,0.753855131,0.463396062,1.178935054,2.701158222
875,0.891407885,1.109814323,0.616037932,-0.262060503,2.550752564,2.039028253
876,0.356407261,1.429530249,0.604905259,-0.861018624,2.547000583,0.502978444
877,0.485261906,1.216357254,0.363818045,-0.778969327,1.284160465,0.245668082
878,0.84253515,1.222975987,0.632920013,-0.354509939,2.629219619,1.840618652
879,0.798314014,1.371455939,0.652812006,-0.630588375,2.071623211,1.036758542
880,0.3349914,1.421580686,0.587892905,-0.899951729,2.328046828,0.40356761
881,0.898246367,0.923277257,0.438203289,-0.049521615,1.191127144,1.233489404
882,0.541347896,1.414002748,0.647431183,-0.691361448,2.927666074,1.037781523
883,1.038031038,0.896329217,0.542447776,0.291470873,0.892384841,1.203431333
884,0.567782803,1.404681169,0.650493604,-0.658118803,2.997380697,1.148086055
885,0.740145716,1.430851082,0.625326707,-0.926516462,1.597688242,0.523095052
886,0.073626879,0.330089652,-0.650946641,-0.055645554,0.334590122,0.0555015
887,1.247430587,0.606786307,0.740839207,0.362961829,1.385031069,2.638198358
888,1.393702569,0.274548825,0.648242565,0.903384539,0.188925493,1.569632223
889,1.270424215,0.57981528,0.746601805,0.398449025,1.322151934,2.689555645
890,0.943849842,0.85583139,0.580521342,-0.083270716,2.677004054,2.73128354
891,1.13112129,0.775474867,0.653138305,0.23588437,1.302564175,1.889906049
892,0.284372809,1.421583266,0.586004589,-0.890748755,2.532789159,0.39008683
893,0.395240335,1.431900881,0.626210565,-0.786726,2.980467257,0.727799572
894,0.61484089,0.441518841,-0.563625951,0.182650127,0.364954816,0.461950239
895,1.013927567,0.762652672,0.571417425,0.047552987,1.945654609,2.348890242
896,0.4018725,1.407201133,0.568954973,-0.945544627,1.922162519,0.350942965
897,0.926502769,1.418267532,0.653786248,-0.85371786,1.481715471,0.656016519
898,1.361196848,0.607481032,0.757336374,0.631395367,0.768835369,1.933665055
899,0.246193973,1.422828691,0.586733314,-0.877958529,2.781643086,0.390021779
900,0.083207505,0.01616796,-0.754761729,0.191583418,0.016570327,0.045893634
901,0.953774235,1.012874875,0.590097373,-0.176286478,2.227745668,2.015029373
902,0.853587473,1.181946873,0.456480453,-0.697122197,1.09229691,0.623804802
903,0.828589116,1.212683598,0.634222458,-0.349074274,2.776281409,1.940354261
904,0.966072123,1.096108463,0.54289445,-0.236493954,1.458100811,1.275289974
905,0.949631492,1.217767323,0.612675258,-0.354125006,1.926106785,1.432264621
906,1.111843461,0.889489154,0.612728482,0.377308872,0.864031865,1.264716644
907,1.393264103,0.350078446,0.755103995,0.633130245,0.785883337,2.97404721
908,0.61842617,1.427950044,0.611938342,-0.921554773,1.751181683,0.491320021
909,1.159912109,0.652917418,0.690489142,0.224705849,1.799589414,2.834418983
910,0.850752702,1.054145986,0.414392071,-0.446426719,1.070856478,0.785130533
911,0.911275257,1.175690099,0.616667932,-0.305952057,2.252098419,1.727425718
912,1.409573914,0.158196881,0.663718757,0.916570488,0.147667345,1.861982368
913,0.409389386,0.1596587,-0.757781833,0.249297211,0.119552755,0.211501678
914,0.983556405,0.770128222,0.549273774,0.01006491,2.06486899,2.379217784
915,0.418407607,1.14928607,0.29269129,-0.714476515,1.239242596,0.20961953
916,1.310807987,0.673065781,0.746744574,0.534418692,0.900942499,1.902704221
917,0.972509919,0.797872941,0.563501916,-0.035590909,2.445404056,2.666296023
918,1.332180952,0.634393776,0.752757558,0.566544965,0.86612088,1.972063849
919,1.081658709,0.694269768,0.630616496,0.12002745,2.114066186,2.873625376
920,0.951272074,1.219897885,0.612830074,-0.359535447,1.9100044,1.413836437
921,1.420325162,0.274570143,0.741739731,0.733384787,0.517108844,2.717016362
922,1.428787531,0.078682609,0.698166283,0.835651069,0.149699554,2.80671211
923,0.969525368,0.914521723,0.575031781,-0.105643207,2.25293,2.230579824
924,1.405012673,0.351842487,0.752365017,0.680620884,0.664889859,2.670175335
925,1.429126562,0.199846212,0.724992696,0.791290057,0.353413128,2.64970589
926,1.102377566,0.708351727,0.642572648,0.154489186,1.826171493,2.559154214
927,0.968282086,0.819932737,0.531411077,-0.01116212,1.815445384,2.01665659
928,0.234814135,0.42050105,-0.653212359,-0.073180642,0.387378539,0.168086588
929,1.297493683,0.259276347,0.533503458,0.820524344,0.137472193,1.31727694
930,0.979285254,0.791518821,0.559609542,-0.027992374,2.372105012,2.611585552
931,1.406947619,0.681587136,0.758841422,0.808790561,0.553164444,1.538875064
932,0.989575091,0.78866778,0.548284386,0.024038408,1.841525247,2.142279814
933,1.429533436,0.275128194,0.727647239,0.819694843,0.371852137,2.23827597
934,1.42872669,0.441369383,0.720037108,0.913321157,0.347419904,1.640718456
935,0.311629179,0.859286279,-0.385179435,-0.438722666,0.77450461,0.197154858
936,0.036258926,0.83549178,-0.220897356,-0.434332612,0.910466223,0.027631548
937,1.134505943,0.802553048,0.651437886,0.263804436,1.182549288,1.722259314
938,0.132288488,1.395644027,0.54502207,-0.930567765,2.571888959,0.181539265
939,0.087258391,1.397147353,0.545531597,-0.920722668,2.863882275,0.141687953
940,0.607346096,1.083915328,0.272921746,-0.641443043,1.056339264,0.41678088
941,0.011230503,1.338400919,0.479231286,-0.903939593,2.21996177,0.011967711
942,0.972090923,1.083053548,0.550926378,-0.1977727,1.567271551,1.41532347
943,0.411506835,1.429049354,0.605792798,-0.876351905,2.295911647,0.495342396
944,1.014925097,0.805990761,0.561082514,0.068368033,1.582161813,1.914743659
945,0.029354097,1.386959786,0.531990973,-0.928950299,2.967810283,0.050245092
946,1.100042346,0.781989066,0.628499399,0.187042029,1.389358431,1.916278201
947,1.040979363,0.743910423,0.593882509,0.078270781,1.946511423,2.454820975
948,0.958940551,1.03750825,0.525695123,-0.151139405,1.461678392,1.386132878
949,0.977413625,0.823014161,0.550165518,-0.031961204,2.069566836,2.253881348
950,0.744659919,0.613459466,0.236945208,0.236945208,0.672654247,0.86438385
951,0.359280626,1.430760272,0.608655473,-0.849444279,2.623754506,0.533008409
952,1.051117765,0.719704382,0.605548942,0.084947377,2.109983916,2.714240883
953,1.30135352,0.534467233,0.753228092,0.447216678,1.237922152,2.796024495
954,0.577380343,0.41077975,-0.710491213,0.225174731,0.29578876,0.356213003
955,0.98676895,1.236413653,0.6052481,-0.439207035,1.607087767,1.136433419
956,0.442363356,1.43248146,0.62405734,-0.819285468,2.546054312,0.643092928
957,1.178838403,0.643819339,0.705012813,0.252681413,1.70798685,2.794459373
958,1.427519379,0.315717793,0.708524489,0.900507533,0.295137247,1.829204077
959,0.960622099,1.175068131,0.602679838,-0.295301153,1.948351275,1.547614691
960,0.980631066,0.783343833,0.556639074,-0.020742262,2.333361377,2.593618797
961,1.388613609,0.034448657,0.626506593,0.902771251,0.032998649,1.89838973
962,0.583663872,1.413693608,0.648550992,-0.703470357,2.643168373,0.972234774
963,1.358559487,0.876675696,0.732394113,0.813974189,0.565633509,1.2438906
964,1.407260893,0.214741171,0.663700028,0.914425601,0.177217651,1.737769844
965,0.638889551,1.38017273,0.653822024,-0.594086478,2.952514266,1.327440159
966,0.92185112,0.957839262,0.596214482,-0.152862348,2.660642055,2.461667642
967,1.18749896,0.760276944,0.699301001,0.328558816,1.157294667,1.851165569
968,0.210281938,0.598609956,-0.644126143,-0.236483378,0.492562033,0.119695272
969,0.816067307,0.877100287,0.347980387,-0.13352089,1.018649853,0.96769835
970,0.881077423,0.936082162,0.421684224,-0.115696023,1.132518614,1.103622921
971,0.953942582,0.950810946,0.584626668,-0.135540285,2.339237157,2.225349727
972,0.757318338,0.191367528,-0.664128866,0.434544099,0.096015235,0.458224019
973,0.311581775,1.397031141,0.552380708,-0.950613063,2.013149862,0.289270953
974,1.412772837,0.48758012,0.753946471,0.761231123,0.56129857,1.946917246
975,0.922749317,0.980134817,0.597714047,-0.166379411,2.590172153,2.354949339
976,0.479349959,1.420113542,0.591151986,-0.927900118,1.908864306,0.423366563
977,0.836869409,1.392583277,0.653727822,-0.716361085,1.80884227,0.854040652
978,0.742455418,1.416478905,0.651185572,-0.771081424,1.922414486,0.776309829
979,1.392680706,0.379981446,0.755948228,0.641608669,0.76256684,2.745787507
980,1.163590784,0.766277507,0.679631542,0.287869494,1.221063554,1.872374117
981,0.934809524,0.868602133,0.584845035,-0.094758346,2.761402141,2.771246506
982,0.799454872,1.335067365,0.648931532,-0.530099935,2.315188487,1.293901918
983,0.806369864,1.428595547,0.647077685,-0.861880924,1.639894687,0.634146328
984,1.423487389,0.473346512,0.747553028,0.814049394,0.484050907,1.845802677
985,1.382820228,0.47309476,0.758550618,0.641437322,0.761635161,2.332645812
986,0.571848997,1.405655371,0.65037346,-0.663521747,2.936257288,1.122183541
987,0.915445187,0.842806994,0.425185992,0.161895421,0.916578148,1.101006818
988,1.057496352,0.464559805,0.309998669,0.581197669,0.251822793,1.004943903
989,0.679105241,1.365430218,0.653772478,-0.563646236,2.86018424,1.387759936
990,0.431461947,1.432427377,0.61976691,-0.834105721,2.490790002,0.601866062
991,1.181044693,0.652643722,0.705704259,0.259684477,1.63783935,2.680440852
992,0.503873245,0.442114664,-0.475679542,0.03550129,0.450583356,0.460002314
993,0.105542133,1.363508033,0.507598071,-0.925897187,2.195588429,0.110771989
994,1.391051066,0.615195793,0.758965715,0.726010496,0.636690213,1.757726246
995,1.428990519,0.204610313,0.707166745,0.864022921,0.259762282,2.185328365
996,0.681357522,1.369074403,0.653852191,-0.575189044,2.784508847,1.335245142
997,1.221089431,0.724615579,0.721261945,0.37008704,1.139430777,1.954949254
998,0.992922194,0.768574107,0.555887903,0.021661564,2.020134495,2.36113691
999,0.282035642,0.853409576,-0.414987578,-0.438592924,0.759979746,0.16956384
